ID,Nama,Nomor Telepon,Email,Alamat
1,Miguelita Castellanos,+86-691-444-3073,mcastellanos0@ft.com,96634 5th Park
2,Yancy Sewell,+1-614-313-0732,ysewell1@alibaba.com,03365 Bluestem Parkway
3,Melonie Gimbart,+46-508-387-9241,mgimbart2@cornell.edu,48 South Avenue
4,Husain Shimmin,+33-387-316-2454,hshimmin3@sciencedirect.com,4 Novick Park
5,Lenette Stables,+222-856-653-2696,lstables4@unesco.org,311 Corben Trail
6,Verne Osgar,+1-520-223-9267,vosgar5@rediff.com,28000 Dorton Terrace
7,Hilliard Davidy,+351-883-257-1117,hdavidy6@youtu.be,4 Carey Hill
8,Caryl Wimpey,+850-356-661-1373,cwimpey7@hp.com,4 Rigney Pass
9,Malynda Garvill,+55-228-301-2888,mgarvill8@tinypic.com,77 Carpenter Junction
10,Korney Glantz,+380-278-685-9240,kglantz9@taobao.com,0768 Elmside Parkway
11,Marten Kunzler,+48-214-514-5801,mkunzlera@redcross.org,3 Dunning Place
12,Philipa Mulhall,+1-505-497-1132,pmulhallb@eventbrite.com,72 Havey Point
13,Julienne Aizlewood,+82-140-528-1748,jaizlewoodc@digg.com,94 Melby Trail
14,Teador Pellant,+880-484-849-5168,tpellantd@uol.com.br,950 Gulseth Terrace
15,Mignon Fossick,+212-221-280-2368,mfossicke@seesaa.net,4726 Sutteridge Crossing
16,Aubrie Wallwork,+48-162-436-5324,awallworkf@google.nl,15 Express Lane
17,Ethelyn Carnson,+1-619-906-2133,ecarnsong@unblog.fr,27 Butterfield Point
18,Brana Vedntyev,+66-155-323-8742,bvedntyevh@paypal.com,98753 Sage Crossing
19,Christine Friday,+62-663-174-0888,cfridayi@wordpress.org,07 La Follette Way
20,Benn Leaning,+63-153-649-4974,bleaningj@rambler.ru,53618 Magdeline Park
21,Maxine Dumper,+55-353-652-8071,mdumperk@microsoft.com,98564 Killdeer Road
22,Kelcy Hatrey,+55-105-330-8996,khatreyl@nature.com,4 Florence Circle
23,Antonietta Stango,+351-497-232-9690,astangom@hhs.gov,83 American Ash Junction
24,Bambi MacDonald,+353-698-218-5669,bmacdonaldn@godaddy.com,40 Forest Dale Junction
25,Chandal Learie,+670-192-809-7783,clearieo@mit.edu,4795 Riverside Drive
26,Lebbie Haton,+62-933-796-1251,lhatonp@123-reg.co.uk,29 Sloan Court
27,Micaela Rabbitt,+62-208-451-0901,mrabbittq@uol.com.br,35 Larry Plaza
28,Myrwyn Tommis,+62-736-372-7519,mtommisr@elpais.com,67 Milwaukee Pass
29,Verne Ahmad,+86-565-303-2359,vahmads@naver.com,933 Forest Run Way
30,Sharline Caslin,+86-902-820-9212,scaslint@who.int,5858 Bashford Parkway
31,Nevins Tremouille,+86-267-725-0751,ntremouilleu@vimeo.com,84 Elka Point
32,Emelita Tipper,+351-643-585-3440,etipperv@list-manage.com,21208 Waywood Circle
33,Eirena Boichat,+62-228-843-5239,eboichatw@twitter.com,92154 Dunning Plaza
34,Shell Copp,+86-570-262-9929,scoppx@earthlink.net,87313 Sloan Parkway
35,Kaitlin Behan,+62-856-231-7928,kbehany@canalblog.com,64 Old Shore Avenue
36,Steffie Brooks,+30-906-315-9688,sbrooksz@delicious.com,997 Onsgard Junction
37,Sanford Farnorth,+372-305-127-2863,sfarnorth10@cdbaby.com,9 Killdeer Circle
38,Merline Leander,+55-615-909-8377,mleander11@usgs.gov,47 Gale Way
39,Zaria Symes,+57-175-348-3692,zsymes12@mediafire.com,1 Packers Terrace
40,Miran Phipp,+966-611-893-0215,mphipp13@bloomberg.com,49 Scoville Center
41,Jolyn Collard,+48-851-334-3272,jcollard14@behance.net,3220 Browning Alley
42,Lovell Hammerton,+86-685-390-6139,lhammerton15@parallels.com,3506 Autumn Leaf Avenue
43,Colby Kobel,+359-884-888-7961,ckobel16@aboutads.info,0 Ohio Place
44,Alistair Ballsdon,+86-323-911-7976,aballsdon17@dailymotion.com,5 Calypso Avenue
45,Lauraine Boxen,+86-528-519-5320,lboxen18@cornell.edu,028 Lyons Way
46,Venita Klaves,+380-244-969-3384,vklaves19@blogger.com,88 Nelson Parkway
47,Joyce Fidler,+380-852-172-7997,jfidler1a@psu.edu,14 Luster Hill
48,Meris Tansly,+976-615-226-2038,mtansly1b@topsy.com,24 Kennedy Street
49,Eleanora Brookson,+1-213-355-6359,ebrookson1c@sina.com.cn,2490 Ryan Trail
50,Brit Riba,+351-519-740-9118,briba1d@tinyurl.com,22245 Everett Place
51,Davy Albery,+1-732-913-2512,dalbery1e@go.com,1 Spaight Circle
52,Carmon Niles,+86-314-927-9969,cniles1f@jalbum.net,2217 Forest Dale Hill
53,Jermaine Enser,+7-510-210-2518,jenser1g@apple.com,0909 Havey Park
54,Alethea Midford,+48-200-670-4008,amidford1h@rambler.ru,40 Huxley Crossing
55,Brier Hunsworth,+7-575-416-8294,bhunsworth1i@harvard.edu,8859 Corben Trail
56,Jarvis Ayshford,+7-884-107-4410,jayshford1j@paginegialle.it,3247 Cascade Lane
57,Keely Haine,+86-655-713-0019,khaine1k@springer.com,50197 Melby Hill
58,Dallon Dudin,+1-528-421-7969,ddudin1l@ask.com,21402 Lillian Point
59,Osbert Schaumann,+86-376-163-4067,oschaumann1m@ucla.edu,5 Briar Crest Street
60,Vivien Berthelmot,+86-299-962-3361,vberthelmot1n@nydailynews.com,31 Sunfield Court
61,Damon Tyhurst,+351-576-407-6596,dtyhurst1o@delicious.com,065 Forest Dale Point
62,Kristin Sleford,+86-581-476-9445,ksleford1p@google.com.br,1520 Kings Park
63,Tarah Clohisey,+62-169-301-9816,tclohisey1q@wikipedia.org,3 Amoth Hill
64,Elva MacCleay,+63-942-742-0376,emaccleay1r@google.ru,1764 Mallard Trail
65,Franchot McMorland,+252-495-149-8513,fmcmorland1s@epa.gov,01 Loeprich Trail
66,Cory De Ruel,+240-386-987-5106,cde1t@addtoany.com,7862 Rigney Court
67,Pedro Howse,+62-909-928-9643,phowse1u@washingtonpost.com,40446 Hanson Road
68,Elisa Gold,+66-229-284-1052,egold1v@smh.com.au,56077 Randy Drive
69,Bab Ciotti,+238-361-900-8147,bciotti1w@reddit.com,157 Gina Drive
70,Albertine Folk,+233-847-331-6730,afolk1x@cisco.com,00634 Bunker Hill Center
71,Iggy Gwilliam,+62-487-121-8622,igwilliam1y@dmoz.org,6788 Welch Drive
72,Drusilla Boys,+86-310-345-5389,dboys1z@cargocollective.com,9 Banding Lane
73,Gav Gatecliff,+86-497-317-1079,ggatecliff20@yellowbook.com,503 Southridge Parkway
74,Maryann Peffer,+43-975-694-4230,mpeffer21@newyorker.com,9362 Bayside Road
75,Franny Betts,+7-255-241-2524,fbetts22@hexun.com,8 Cherokee Avenue
76,Kerwin Assel,+86-480-799-5199,kassel23@goodreads.com,952 Marcy Plaza
77,Iggy Wegenen,+94-591-294-7434,iwegenen24@toplist.cz,8637 Hanson Park
78,Sula Donohue,+33-295-238-3884,sdonohue25@photobucket.com,78836 Maryland Way
79,Abbot Beasant,+46-401-235-9887,abeasant26@posterous.com,3 Ridge Oak Court
80,Averyl Huggett,+62-546-833-5278,ahuggett27@princeton.edu,29 Spenser Terrace
81,Haleigh Macken,+86-841-393-2272,hmacken28@shareasale.com,65 Larry Pass
82,Bonnee Swanton,+593-146-315-4152,bswanton29@scribd.com,2 Bashford Hill
83,Meryl Filipowicz,+251-146-354-5391,mfilipowicz2a@va.gov,65 Goodland Street
84,Dunn LAbbet,+56-286-292-8451,dlabbet2b@about.com,8705 Northport Pass
85,Claudian Gaunter,+86-425-653-4460,cgaunter2c@facebook.com,355 Boyd Alley
86,Calvin Tizzard,+351-668-494-6024,ctizzard2d@cnbc.com,2 Westridge Crossing
87,Brent Parsisson,+370-113-910-2158,bparsisson2e@nationalgeographic.com,10415 Springs Crossing
88,Ira MacCathay,+52-572-751-0337,imaccathay2f@independent.co.uk,4 Mandrake Point
89,Ozzy Fidge,+54-376-207-0335,ofidge2g@comsenz.com,8 Truax Road
90,Meredeth Becconsall,+86-364-569-1087,mbecconsall2h@youku.com,30008 Ilene Junction
91,Lowell Tilburn,+1-395-141-2629,ltilburn2i@reddit.com,0 Gerald Court
92,Tootsie Abramson,+51-538-971-1813,tabramson2j@salon.com,7717 Toban Terrace
93,Maria Skelhorn,+55-716-423-2699,mskelhorn2k@nsw.gov.au,73 Maple Court
94,Derrek Lohan,+507-840-883-2536,dlohan2l@huffingtonpost.com,90 Granby Drive
95,Maje Bridgeland,+62-561-784-8354,mbridgeland2m@ustream.tv,203 Cody Avenue
96,Sancho Barlie,+7-956-972-3388,sbarlie2n@dailymail.co.uk,213 Sommers Road
97,June Giacoboni,+63-195-176-3717,jgiacoboni2o@sohu.com,9876 Oneill Avenue
98,Reyna Larrad,+33-669-563-7002,rlarrad2p@state.tx.us,6315 Lindbergh Center
99,Yul Tremelling,+66-211-647-4804,ytremelling2q@engadget.com,8 Westport Circle
100,Jan Bowhay,+351-879-528-7558,jbowhay2r@paypal.com,20102 West Plaza
101,Oby Bailiss,+86-312-390-4706,obailiss2s@pbs.org,034 Stoughton Way
102,Calhoun Whiff,+86-641-234-8123,cwhiff2t@clickbank.net,26 Quincy Hill
103,Erek Wedgbrow,+86-522-168-1927,ewedgbrow2u@google.com.br,08545 Melvin Point
104,Dewey Jeanin,+86-899-855-1874,djeanin2v@amazon.com,2789 Loeprich Circle
105,Carmine Kerbey,+371-454-516-7276,ckerbey2w@mayoclinic.com,79500 Carey Street
106,Keelby Kidds,+357-113-867-5525,kkidds2x@alexa.com,09 Veith Alley
107,Roderich Whorton,+57-470-710-5619,rwhorton2y@jalbum.net,70 Tony Alley
108,Tome Ridel,+359-811-737-1961,tridel2z@netlog.com,59988 Debs Avenue
109,Lane Thurbon,+86-878-235-7335,lthurbon30@qq.com,62 Katie Lane
110,Michelle Cubitt,+7-233-562-2180,mcubitt31@biglobe.ne.jp,679 Graedel Court
111,Milissent McGriele,+86-795-824-6638,mmcgriele32@tripod.com,53604 Starling Terrace
112,Butch Caseley,+351-329-582-0765,bcaseley33@state.tx.us,7 Dennis Court
113,Fina Renne,+62-566-104-2239,frenne34@stumbleupon.com,078 Commercial Parkway
114,Chauncey Longmate,+51-262-109-7065,clongmate35@mozilla.org,76 Elgar Pass
115,Taddeo Whitley,+62-763-244-5112,twhitley36@jiathis.com,84 Thierer Trail
116,Merl Crocket,+53-449-636-4317,mcrocket37@goodreads.com,856 Mesta Drive
117,Delila Dyzart,+7-909-969-3367,ddyzart38@fc2.com,2629 Northport Park
118,Sampson Baalham,+86-262-746-8473,sbaalham39@acquirethisname.com,08 Schmedeman Crossing
119,Morgen Monteath,+86-573-249-9337,mmonteath3a@fotki.com,6 American Ash Street
120,Gianni Northern,+385-996-429-4172,gnorthern3b@deviantart.com,15120 Mayer Center
121,Harlin Delacroix,+227-837-142-2974,hdelacroix3c@tamu.edu,7586 Dwight Place
122,Piotr Varey,+66-285-434-6981,pvarey3d@yellowpages.com,3487 Kedzie Pass
123,Stormy Arsmith,+63-561-805-6184,sarsmith3e@techcrunch.com,3678 Bartelt Junction
124,Connor Sedgebeer,+62-432-253-2890,csedgebeer3f@irs.gov,16 Trailsway Junction
125,Donnell Towell,+358-125-840-9549,dtowell3g@vk.com,4901 Clyde Gallagher Drive
126,Coletta Bulteel,+60-807-255-8955,cbulteel3h@arstechnica.com,8434 Fuller Trail
127,Marcie Antoniottii,+86-962-608-5328,mantoniottii3i@usda.gov,45 Jackson Place
128,Ferdinanda Quinney,+48-977-389-4942,fquinney3j@ucoz.com,49 Judy Court
129,Cam Peery,+33-309-294-2675,cpeery3k@i2i.jp,7 Cardinal Lane
130,Renata Vigars,+850-433-213-8502,rvigars3l@histats.com,46145 Golf Drive
131,Gian Dootson,+27-112-312-0870,gdootson3m@omniture.com,2861 Cottonwood Hill
132,Marlon Cheavin,+241-650-196-5746,mcheavin3n@bloglines.com,253 Bluejay Street
133,Conny MacCaughey,+63-972-673-7405,cmaccaughey3o@wikimedia.org,165 Scott Lane
134,Jarred Roderighi,+55-831-864-3465,jroderighi3p@rambler.ru,02843 Grasskamp Court
135,Fredericka Sabates,+55-659-739-6632,fsabates3q@i2i.jp,59 Eliot Circle
136,Carissa Caplin,+55-156-219-7368,ccaplin3r@dot.gov,9 Schmedeman Pass
137,Obadiah Eckly,+94-589-155-5355,oeckly3s@cloudflare.com,480 Nevada Road
138,Renee Hedgeley,+359-337-417-0257,rhedgeley3t@networkadvertising.org,56 Blackbird Court
139,Brena Vasiltsov,+86-874-648-1833,bvasiltsov3u@seattletimes.com,53 Portage Drive
140,Mallory Mayte,+381-701-788-8006,mmayte3v@tumblr.com,2642 Hayes Avenue
141,Kial Murphey,+62-419-763-5165,kmurphey3w@timesonline.co.uk,028 Eastwood Point
142,Elmo Lourenco,+46-264-318-9150,elourenco3x@businessinsider.com,22 Lakeland Crossing
143,Shelby Tregensoe,+221-648-819-1439,stregensoe3y@blogger.com,9242 Stephen Park
144,Reina Matevushev,+351-422-895-8696,rmatevushev3z@ihg.com,4804 Luster Place
145,Yurik Havesides,+850-957-669-9425,yhavesides40@geocities.jp,9 Tomscot Parkway
146,Eve Chatteris,+84-162-978-5053,echatteris41@wp.com,00 Northview Drive
147,Hailey Bleas,+86-184-780-8163,hbleas42@walmart.com,640 Meadow Ridge Pass
148,Bartholomeus Scotchbourouge,+963-883-349-5112,bscotchbourouge43@vk.com,421 Fairview Lane
149,Calida Stobbes,+33-801-760-6533,cstobbes44@prnewswire.com,19787 Fallview Center
150,Marieann Le Bosse,+63-213-342-2926,mle45@bloglines.com,82811 Talisman Court
151,Traci Bewfield,+7-924-800-7035,tbewfield46@godaddy.com,730 Jenna Drive
152,Timmi Jukes,+86-923-403-2155,tjukes47@qq.com,828 Rieder Center
153,Everard Samwyse,+86-379-400-4384,esamwyse48@umn.edu,774 Redwing Road
154,Rivalee Bukowski,+7-611-731-1934,rbukowski49@infoseek.co.jp,518 Forest Dale Crossing
155,Cher Nye,+62-205-336-2657,cnye4a@cbslocal.com,224 Bonner Parkway
156,Alf Havesides,+33-806-322-1179,ahavesides4b@godaddy.com,5792 Badeau Street
157,Lawry Girauld,+86-322-309-3446,lgirauld4c@usda.gov,32891 East Way
158,Laina MacGrath,+63-838-756-4913,lmacgrath4d@wix.com,75 Almo Alley
159,Lazare Daymont,+421-289-812-3613,ldaymont4e@shareasale.com,82679 Basil Junction
160,Ignatius Bernardeschi,+86-625-382-6747,ibernardeschi4f@cargocollective.com,26256 Forest Dale Plaza
161,Calley Lorie,+7-434-539-9322,clorie4g@engadget.com,319 Banding Parkway
162,Sutherland Christofle,+62-864-394-3600,schristofle4h@nasa.gov,0 Claremont Crossing
163,Theadora Ivanovic,+7-437-648-2577,tivanovic4i@webnode.com,524 Cody Way
164,Celene Sill,+66-480-226-8578,csill4j@com.com,4558 Mockingbird Hill
165,Rebe Addington,+255-833-535-6279,raddington4k@yolasite.com,2816 Comanche Junction
166,Mariquilla Shooter,+86-948-938-3398,mshooter4l@timesonline.co.uk,10545 Summit Trail
167,Caroline Draysey,+380-733-921-1321,cdraysey4m@nationalgeographic.com,5478 Springview Court
168,Sharlene Woodroff,+420-107-244-7571,swoodroff4n@furl.net,18156 Arizona Way
169,Gerhardine Wisniowski,+54-242-430-0454,gwisniowski4o@etsy.com,789 Kenwood Circle
170,Heloise Monkton,+86-917-141-5052,hmonkton4p@illinois.edu,5197 Esch Point
171,Estelle McFadin,+62-938-340-9659,emcfadin4q@twitpic.com,5760 Transport Lane
172,Ned Landrean,+57-158-964-7427,nlandrean4r@sitemeter.com,4450 Knutson Way
173,Carlina Troke,+86-262-157-5099,ctroke4s@cbslocal.com,9 Hoard Way
174,Zechariah Folkerd,+7-984-805-7999,zfolkerd4t@google.ru,62 Anthes Plaza
175,Carey Capell,+1-828-792-6775,ccapell4u@hugedomains.com,88478 Red Cloud Way
176,Raynard Dannell,+976-633-392-7044,rdannell4v@google.cn,08218 Acker Street
177,Tandy Kielty,+216-336-634-2405,tkielty4w@theglobeandmail.com,74897 Marquette Center
178,Britni Walthall,+972-856-464-1762,bwalthall4x@cdbaby.com,750 Beilfuss Plaza
179,Elladine Hockell,+355-831-513-6108,ehockell4y@forbes.com,78380 Roxbury Crossing
180,Francesca Silverstone,+62-218-512-6098,fsilverstone4z@usatoday.com,96591 Shasta Point
181,Filberte Dulieu,+86-958-574-1398,fdulieu50@engadget.com,42595 Boyd Drive
182,Lisle Rotherforth,+51-575-579-7460,lrotherforth51@google.pl,3332 Carey Drive
183,Fergus Laterza,+30-502-327-4000,flaterza52@sciencedirect.com,180 Westport Circle
184,Jackquelin Defont,+48-109-546-7304,jdefont53@devhub.com,58 Northport Plaza
185,Vin Tathacott,+60-631-663-8900,vtathacott54@usgs.gov,5 Westend Way
186,Zorana Addy,+48-540-156-0719,zaddy55@ezinearticles.com,388 Mcbride Park
187,Keriann Halms,+86-451-285-8963,khalms56@addthis.com,4773 Shasta Street
188,Randy Tadlow,+86-843-507-7071,rtadlow57@g.co,58 Rowland Drive
189,Eugenie Blaver,+7-368-224-0680,eblaver58@abc.net.au,145 Ridge Oak Drive
190,Ruprecht Cordaroy,+86-314-260-7295,rcordaroy59@shop-pro.jp,4 8th Circle
191,Nicolai Heinl,+268-706-439-9718,nheinl5a@paginegialle.it,84273 Schiller Park
192,Kienan Mountjoy,+992-464-909-9896,kmountjoy5b@nps.gov,60961 Caliangt Center
193,Margo Spellworth,+7-598-158-0216,mspellworth5c@mlb.com,411 Meadow Vale Terrace
194,Ronni Wingatt,+57-137-189-6226,rwingatt5d@techcrunch.com,6639 Dottie Place
195,Sidney Brennand,+55-879-779-9255,sbrennand5e@google.de,486 Bunting Parkway
196,Jermaine Baldree,+66-795-774-0674,jbaldree5f@ehow.com,7 Anhalt Pass
197,Kienan Dallimare,+381-304-729-1325,kdallimare5g@scientificamerican.com,3 Michigan Way
198,Joella Fryett,+52-218-927-9784,jfryett5h@reuters.com,6119 Oak Terrace
199,Eldredge Golsby,+51-490-481-2271,egolsby5i@nih.gov,753 Heffernan Trail
200,Salvador Fairfoot,+48-177-510-3894,sfairfoot5j@imgur.com,486 Ronald Regan Lane
201,Sisile Eliot,+221-194-911-1897,seliot5k@rediff.com,85 Waubesa Way
202,Clare Tomaszkiewicz,+255-814-851-7978,ctomaszkiewicz5l@chicagotribune.com,80980 Westend Hill
203,Meade Gaythor,+86-718-549-1985,mgaythor5m@hubpages.com,06978 Elka Drive
204,Dyann Getty,+218-562-803-1312,dgetty5n@epa.gov,383 Mcguire Junction
205,Maximilien Margrie,+62-195-259-9100,mmargrie5o@uol.com.br,47329 Bultman Way
206,Raviv Dunston,+7-829-892-6712,rdunston5p@ycombinator.com,76 Brown Point
207,Beatriz Ladyman,+7-781-947-9687,bladyman5q@bandcamp.com,7360 Sunnyside Trail
208,Jerald Goodlud,+351-164-549-9492,jgoodlud5r@mozilla.com,0460 Homewood Drive
209,Peadar Benyon,+86-748-858-5320,pbenyon5s@nih.gov,147 Sheridan Avenue
210,Berta Cayton,+86-153-412-0514,bcayton5t@yolasite.com,16 Dorton Parkway
211,Daphene Starford,+86-945-139-4001,dstarford5u@tuttocitta.it,3 Bobwhite Point
212,Jacenta Britcher,+1-862-714-6407,jbritcher5v@yale.edu,257 Farmco Parkway
213,Umeko Borthram,+351-546-992-6616,uborthram5w@ucla.edu,940 Walton Parkway
214,Mattie Fine,+32-642-181-2355,mfine5x@dmoz.org,3 Spaight Crossing
215,Farrah Skaife d'Ingerthorpe,+48-114-547-7992,fskaife5y@shutterfly.com,8 Clove Hill
216,Kimberlee Eliet,+86-587-221-8540,keliet5z@census.gov,569 Lien Lane
217,Kalil Frounks,+62-525-820-4976,kfrounks60@deviantart.com,008 Algoma Parkway
218,Yanaton Davie,+47-791-832-8998,ydavie61@alexa.com,8806 Johnson Junction
219,Cathlene Cleatherow,+380-956-220-5947,ccleatherow62@lycos.com,93 Main Point
220,Rafaelia Andre,+86-512-755-2822,randre63@unesco.org,60372 Scoville Court
221,Teodoor Woodcroft,+46-495-215-1875,twoodcroft64@businessweek.com,09678 Sunnyside Hill
222,Haze Pele,+505-853-440-3224,hpele65@wikispaces.com,5580 Cascade Road
223,Clerkclaude McGriele,+86-678-690-2143,cmcgriele66@gmpg.org,07 Anzinger Circle
224,Felita Durdy,+63-116-525-3279,fdurdy67@vimeo.com,67501 Hintze Hill
225,Gabriel Micheli,+1-129-975-3683,gmicheli68@pen.io,71925 Reinke Trail
226,Paul Pickard,+593-216-969-0591,ppickard69@example.com,36425 Linden Crossing
227,Carmon Daudray,+420-434-959-9698,cdaudray6a@japanpost.jp,135 Calypso Drive
228,Lilith Mosedale,+380-627-722-1459,lmosedale6b@phoca.cz,8760 New Castle Hill
229,Austin Feldstein,+52-229-431-7804,afeldstein6c@friendfeed.com,54 Sauthoff Lane
230,Pietro Anmore,+52-566-738-2821,panmore6d@whitehouse.gov,486 Schlimgen Terrace
231,Alvira Tawse,+351-491-449-4046,atawse6e@ow.ly,4 Merry Road
232,Alvina Duprey,+66-848-579-8515,aduprey6f@cafepress.com,09334 Summer Ridge Lane
233,Sherlocke Prout,+86-416-660-4898,sprout6g@si.edu,934 Russell Court
234,Karoly Yarr,+86-516-130-1531,kyarr6h@independent.co.uk,11 Orin Way
235,Erinna Crafter,+1-540-375-5075,ecrafter6i@ihg.com,681 Parkside Way
236,Silvana Cunde,+51-879-858-4999,scunde6j@google.com.hk,598 Cardinal Junction
237,Jasmine Ferran,+86-696-800-4444,jferran6k@shop-pro.jp,99563 Harper Terrace
238,Leontyne Broinlich,+256-968-118-6377,lbroinlich6l@ebay.co.uk,0 Forest Run Crossing
239,Ailee Bust,+86-256-869-5015,abust6m@ezinearticles.com,89 Petterle Alley
240,Charyl Bartolomeotti,+48-375-226-7807,cbartolomeotti6n@shinystat.com,37261 Blue Bill Park Court
241,Celestia Mc Ilwrick,+51-492-597-9291,cmc6o@51.la,29 Red Cloud Place
242,Doloritas Lutwyche,+370-232-234-7422,dlutwyche6p@i2i.jp,783 Homewood Road
243,Cassius Dewire,+996-808-312-1884,cdewire6q@uiuc.edu,070 Summer Ridge Park
244,Tyrus Roycroft,+93-104-851-0540,troycroft6r@disqus.com,9 Algoma Hill
245,Caren Dackombe,+62-870-556-7081,cdackombe6s@comsenz.com,4316 Dennis Drive
246,Barrett Hovey,+46-906-327-1903,bhovey6t@fastcompany.com,67 Northview Point
247,Daile De L'Isle,+62-341-423-4020,dde6u@symantec.com,27 West Street
248,Duncan Pevreal,+234-703-448-1293,dpevreal6v@hugedomains.com,7758 Eliot Terrace
249,Norris Lewinton,+86-454-311-5830,nlewinton6w@ovh.net,4 Ryan Center
250,Adolf Beaves,+856-580-246-2634,abeaves6x@samsung.com,94396 Southridge Crossing
251,Marlane Cello,+48-692-921-2144,mcello6y@about.me,760 Ruskin Point
252,Redd Weatherburn,+62-855-255-8295,rweatherburn6z@cyberchimps.com,1 Charing Cross Park
253,Dulciana Ipwell,+591-641-663-1476,dipwell70@com.com,8428 Clemons Junction
254,Skippy Egiloff,+7-220-549-4003,segiloff71@homestead.com,41879 Oak Valley Circle
255,Terence Freestone,+62-525-428-2543,tfreestone72@columbia.edu,78323 Menomonie Park
256,Charmian Schowenburg,+56-925-171-2720,cschowenburg73@hubpages.com,309 Hanson Road
257,Eddie Ivanshintsev,+593-494-702-4286,eivanshintsev74@ning.com,64912 Del Sol Avenue
258,Willie Crennan,+256-755-703-1067,wcrennan75@usatoday.com,44 Barnett Terrace
259,Janis Baudin,+95-930-251-5258,jbaudin76@admin.ch,0719 Claremont Trail
260,Vonni Tewkesbury,+420-821-665-8018,vtewkesbury77@aol.com,67245 Glacier Hill Court
261,Norrie Attwoull,+995-407-284-7170,nattwoull78@craigslist.org,68 Declaration Street
262,Kleon Parsonage,+48-750-415-0332,kparsonage79@mac.com,54 Iowa Way
263,Riannon Sawood,+358-364-560-9343,rsawood7a@cam.ac.uk,6 Northridge Parkway
264,Jefferey Lavielle,+95-976-745-7480,jlavielle7b@feedburner.com,94 Golf View Lane
265,Rutter Jurisch,+84-552-765-2365,rjurisch7c@cmu.edu,784 Anhalt Road
266,Andros Diglin,+62-122-961-8448,adiglin7d@sphinn.com,10391 Miller Pass
267,Herbert Humbell,+502-115-355-3085,hhumbell7e@liveinternet.ru,077 Towne Point
268,Batsheva Cockshoot,+53-186-642-0491,bcockshoot7f@europa.eu,6 Vidon Point
269,Audrie Caress,+420-606-445-1700,acaress7g@vimeo.com,9485 Shoshone Center
270,Bria Bootherstone,+86-889-499-5337,bbootherstone7h@php.net,17137 Ludington Lane
271,Anthia Agar,+30-663-734-7584,aagar7i@columbia.edu,903 Corscot Alley
272,Robinson Filochov,+51-379-645-7763,rfilochov7j@baidu.com,61 Fair Oaks Pass
273,Amity Kryska,+86-866-222-9539,akryska7k@springer.com,1 Nova Pass
274,Kath Gockelen,+963-997-709-1598,kgockelen7l@domainmarket.com,05224 Hagan Drive
275,Salaidh Doud,+355-153-847-1672,sdoud7m@exblog.jp,5546 Comanche Crossing
276,Arabella Bricket,+86-664-477-7037,abricket7n@ovh.net,78 Dayton Way
277,Craig Tiller,+52-567-366-3361,ctiller7o@printfriendly.com,588 Golf Trail
278,Chrotoem De Vaan,+54-921-603-5701,cde7p@1und1.de,192 Northridge Street
279,Sheffie Risely,+46-759-553-6808,srisely7q@vinaora.com,0073 Dakota Center
280,Conan Catterick,+380-540-579-4180,ccatterick7r@nytimes.com,931 Raven Terrace
281,Prudi Boorer,+386-281-631-8070,pboorer7s@indiatimes.com,51 Grim Hill
282,Chaddy Drohane,+385-856-801-0769,cdrohane7t@aol.com,95213 Chive Road
283,Maurice Dorgon,+55-212-333-9137,mdorgon7u@google.de,3847 Golf View Alley
284,Melita Knowlman,+82-408-909-0291,mknowlman7v@disqus.com,9192 Northview Point
285,Norri Boyes,+687-507-163-7718,nboyes7w@blog.com,3 Montana Park
286,Niven Whether,+973-467-882-5522,nwhether7x@spiegel.de,17 Saint Paul Circle
287,Sherwin Hickin,+63-120-618-5326,shickin7y@yellowbook.com,07 Dorton Crossing
288,Cazzie Bartosinski,+62-422-500-9055,cbartosinski7z@behance.net,3171 Namekagon Center
289,Sayre Norwood,+46-704-748-4501,snorwood80@woothemes.com,96 American Ash Alley
290,Ame Folkes,+86-374-694-1313,afolkes81@diigo.com,3536 Welch Way
291,Dagny Sayre,+995-857-456-1221,dsayre82@wikimedia.org,71 Brown Trail
292,Isabella Widdowson,+86-166-451-1997,iwiddowson83@wordpress.org,4 Pawling Pass
293,Aurora Checcucci,+66-742-622-4154,acheccucci84@dion.ne.jp,477 Ridge Oak Road
294,Hamish Rabbitt,+1-757-319-7706,hrabbitt85@desdev.cn,53852 Sage Street
295,Gradeigh Bonelle,+86-927-419-5830,gbonelle86@google.com.hk,6 Troy Drive
296,Ad Maffucci,+81-135-102-8087,amaffucci87@fastcompany.com,0673 Tennyson Lane
297,Ira Leaming,+34-709-705-0581,ileaming88@woothemes.com,588 Pine View Circle
298,Staffard Davidovits,+63-943-659-1208,sdavidovits89@umn.edu,87 Oxford Trail
299,Alisha Combe,+62-504-263-5189,acombe8a@github.io,5441 Katie Drive
300,Amelina Hatrick,+52-838-879-2320,ahatrick8b@netscape.com,7667 Cardinal Alley
301,Tanny Ranby,+249-458-422-4090,tranby8c@miitbeian.gov.cn,0 Lotheville Park
302,Myrle Cowen,+1-306-396-4136,mcowen8d@wikimedia.org,34 Monica Terrace
303,Marian Killbey,+359-777-193-3726,mkillbey8e@123-reg.co.uk,3 Green Way
304,Gertrud Beddon,+61-785-229-5538,gbeddon8f@theglobeandmail.com,3 Quincy Parkway
305,Edy Bolesma,+359-647-792-8724,ebolesma8g@weibo.com,763 Onsgard Lane
306,Doyle Brellin,+372-296-831-0938,dbrellin8h@so-net.ne.jp,311 Victoria Alley
307,Morgen Clipsham,+66-432-880-2798,mclipsham8i@washingtonpost.com,495 Esch Alley
308,Francklin Cristoforo,+374-410-428-8316,fcristoforo8j@statcounter.com,7 Meadow Vale Point
309,Carroll Puleston,+1-919-496-1911,cpuleston8k@auda.org.au,3779 Bellgrove Parkway
310,Egor Bentzen,+20-592-798-6329,ebentzen8l@sohu.com,22701 Clyde Gallagher Way
311,Rora Tenman,+62-849-849-7719,rtenman8m@umich.edu,9022 Service Pass
312,Sigfried Gresly,+86-808-486-2133,sgresly8n@amazon.co.uk,26385 Helena Crossing
313,Chauncey Aldiss,+46-974-820-7942,caldiss8o@elegantthemes.com,423 Forest Dale Court
314,Brok Storr,+351-695-252-6654,bstorr8p@networkadvertising.org,7 Del Sol Junction
315,Jay Skewes,+55-660-586-0121,jskewes8q@goo.ne.jp,0348 Longview Parkway
316,Raimund Growy,+962-470-430-1464,rgrowy8r@smh.com.au,0350 Corscot Court
317,Elaine Thornhill,+46-489-196-0536,ethornhill8s@who.int,95 Maryland Terrace
318,Sissy Fuge,+57-885-433-8319,sfuge8t@cargocollective.com,1 Armistice Way
319,Bili Martinovic,+66-616-597-8286,bmartinovic8u@pagesperso-orange.fr,56502 Dryden Trail
320,Saree Szabo,+66-831-219-1504,sszabo8v@squarespace.com,2704 Lyons Hill
321,Gilligan Dugmore,+964-721-387-1149,gdugmore8w@tumblr.com,72078 Valley Edge Avenue
322,Sinclare McGlone,+353-218-300-6583,smcglone8x@joomla.org,67584 Graceland Avenue
323,Madonna Drewery,+56-644-524-6560,mdrewery8y@youku.com,4959 Crowley Point
324,Nita Stonard,+86-274-226-2812,nstonard8z@ebay.co.uk,5 Blackbird Alley
325,Creight Plose,+358-976-752-6780,cplose90@goodreads.com,2 Forest Terrace
326,Roxie Singyard,+63-840-984-6210,rsingyard91@google.ru,13 Delaware Drive
327,Templeton Nodes,+970-436-659-9766,tnodes92@xinhuanet.com,2 Macpherson Junction
328,Lanae Grayshon,+62-714-835-1370,lgrayshon93@google.co.uk,8096 Morning Place
329,Bendix Stigger,+62-867-659-8750,bstigger94@thetimes.co.uk,46163 Goodland Junction
330,Andi Cousans,+976-488-587-6852,acousans95@e-recht24.de,530 Thompson Point
331,Maureene Loughhead,+86-647-868-9152,mloughhead96@yale.edu,59840 Bartillon Drive
332,Antonina Giamitti,+420-735-129-0922,agiamitti97@a8.net,4 Redwing Hill
333,Christyna McRoberts,+52-985-792-5712,cmcroberts98@theglobeandmail.com,18 Westport Parkway
334,Wye Smaling,+992-657-798-2933,wsmaling99@mlb.com,31 4th Park
335,Wilburt Kemetz,+55-957-162-7519,wkemetz9a@nifty.com,0821 Almo Street
336,Charlena Loding,+55-516-982-0709,cloding9b@army.mil,25 Sherman Road
337,Linette Eggers,+7-736-840-8548,leggers9c@pcworld.com,81 Crest Line Point
338,Elsinore Bird,+381-998-443-8449,ebird9d@npr.org,136 Talisman Terrace
339,Aline Adolfsen,+46-161-592-1523,aadolfsen9e@senate.gov,4 Hoard Terrace
340,Elvera Balderstone,+7-885-358-5693,ebalderstone9f@sciencedaily.com,4277 Stoughton Terrace
341,Noellyn Peiro,+234-688-252-4576,npeiro9g@washington.edu,0551 Morning Drive
342,Ronni Lukas,+967-495-258-5719,rlukas9h@wikispaces.com,122 Shasta Avenue
343,Tatiania Kidney,+506-766-356-1477,tkidney9i@soup.io,3032 Aberg Court
344,Dudley Eaglestone,+380-682-654-3201,deaglestone9j@europa.eu,6 Macpherson Road
345,Jeri Shanks,+251-560-515-2262,jshanks9k@merriam-webster.com,8570 Lakeland Center
346,Darci Killcross,+357-545-833-0996,dkillcross9l@narod.ru,3892 Mariners Cove Terrace
347,Clemmy Auton,+358-269-848-3503,cauton9m@statcounter.com,551 Basil Park
348,Gard Gollard,+66-206-371-3613,ggollard9n@reuters.com,2 Caliangt Road
349,Bord Alden,+353-581-771-3661,balden9o@reference.com,63821 Lindbergh Alley
350,Druci Folini,+256-465-949-1432,dfolini9p@cam.ac.uk,0 High Crossing Drive
351,Guthrey Heisham,+972-616-210-3785,gheisham9q@china.com.cn,31 Calypso Parkway
352,Wit Aspinell,+1-915-716-0830,waspinell9r@hostgator.com,503 Village Green Lane
353,Vasili Elleyne,+267-595-963-0273,velleyne9s@issuu.com,286 Pearson Drive
354,Sky Dodswell,+227-297-206-9259,sdodswell9t@hatena.ne.jp,688 Lukken Hill
355,Dill Fleischer,+86-808-789-5625,dfleischer9u@irs.gov,5 David Pass
356,Alden Stables,+46-258-114-9922,astables9v@gov.uk,214 Jay Alley
357,Zora Sywell,+86-933-435-7377,zsywell9w@ted.com,86408 Dunning Junction
358,Corene Vigne,+351-509-586-6016,cvigne9x@epa.gov,0 Swallow Park
359,Silvanus Mallam,+62-635-763-5043,smallam9y@berkeley.edu,109 Schurz Circle
360,Barris Stirtle,+51-403-418-7372,bstirtle9z@jiathis.com,97408 Blackbird Place
361,Broderic Davidovich,+33-471-770-7131,bdavidovicha0@jalbum.net,1 Hermina Point
362,Teri Saffin,+86-129-648-1768,tsaffina1@intel.com,2742 Northfield Road
363,Grove Phebey,+55-557-252-3693,gphebeya2@nasa.gov,1 Beilfuss Drive
364,Karel Cant,+375-815-669-6927,kcanta3@gov.uk,86022 Carpenter Trail
365,Norby Ram,+30-185-159-5757,nrama4@kickstarter.com,9 Goodland Drive
366,Lyman Newsham,+30-220-175-9367,lnewshama5@flickr.com,578 Golf View Street
367,Jefferey Mowles,+86-580-934-8168,jmowlesa6@gizmodo.com,17069 Anhalt Alley
368,Barby Casaccio,+230-487-289-1018,bcasaccioa7@wiley.com,81820 Cordelia Junction
369,Kasey Greendale,+33-303-150-4470,kgreendalea8@dailymail.co.uk,66888 Grasskamp Park
370,Kala McFaul,+7-457-955-2891,kmcfaula9@yale.edu,813 Troy Court
371,Adler Cosson,+62-480-150-4619,acossonaa@freewebs.com,5 Service Terrace
372,Adore Chappelow,+98-682-104-6556,achappelowab@networksolutions.com,4566 Dottie Plaza
373,Culver Balazs,+52-117-969-2133,cbalazsac@netvibes.com,3 Columbus Court
374,Devonne Waistall,+351-379-395-6322,dwaistallad@unicef.org,61418 West Way
375,Antone MacDwyer,+86-710-561-4412,amacdwyerae@mtv.com,05 Scofield Drive
376,Leoline Tuerena,+86-931-500-2695,ltuerenaaf@123-reg.co.uk,2081 Melby Point
377,Vivyan Garwill,+86-513-917-1422,vgarwillag@economist.com,23629 Chinook Alley
378,Burt Bullus,+55-246-198-5711,bbullusah@ihg.com,028 Cordelia Court
379,Fredrika Cussons,+54-320-230-1733,fcussonsai@ezinearticles.com,48 Bartillon Alley
380,Fairleigh Mingardi,+86-886-958-4336,fmingardiaj@yahoo.co.jp,56582 Shelley Parkway
381,Lorrayne McNamee,+62-222-134-0651,lmcnameeak@seattletimes.com,9116 Independence Center
382,Janel Nerheny,+46-416-538-6437,jnerhenyal@liveinternet.ru,3202 Carey Alley
383,Valera Kleinstein,+595-154-526-1870,vkleinsteinam@ucsd.edu,13 Sauthoff Junction
384,Payton Delph,+351-929-893-0528,pdelphan@w3.org,51 Valley Edge Road
385,Blancha Rassell,+375-800-418-7663,brassellao@vinaora.com,01 Northridge Trail
386,Phip McKearnen,+7-229-132-9358,pmckearnenap@eepurl.com,40517 Eastwood Road
387,Janka Standing,+33-461-949-3767,jstandingaq@google.ca,7209 Nancy Pass
388,Melisenda Lower,+62-942-573-9681,mlowerar@xrea.com,316 Armistice Plaza
389,Virgie Etock,+992-336-575-0468,vetockas@amazon.com,2113 Swallow Center
390,Monte Pichan,+66-231-510-0167,mpichanat@phpbb.com,3 Miller Junction
391,Cory Durram,+92-911-205-4172,cdurramau@newyorker.com,98522 Grim Crossing
392,Ivor Sumsion,+55-906-369-1801,isumsionav@rakuten.co.jp,8001 Drewry Junction
393,Steffie Menichillo,+55-333-207-7805,smenichilloaw@nasa.gov,62 Debs Alley
394,Roobbie Caulwell,+86-355-547-7652,rcaulwellax@vimeo.com,52331 Northview Trail
395,Sharona Sanpher,+51-253-334-7397,ssanpheray@desdev.cn,35 Fieldstone Way
396,Red Kopec,+86-885-101-6309,rkopecaz@smugmug.com,1 Coolidge Avenue
397,Alisa Cleft,+7-237-206-5587,acleftb0@google.nl,85 Shopko Parkway
398,Tonye Gilhooley,+62-356-408-2646,tgilhooleyb1@nydailynews.com,696 Goodland Park
399,Marc Blastock,+7-956-915-4272,mblastockb2@tinypic.com,2 Bartillon Street
400,Nels Hannabus,+81-491-274-6463,nhannabusb3@amazon.co.uk,7335 Old Shore Road
401,Bebe Malec,+7-166-895-0661,bmalecb4@livejournal.com,5060 Mendota Drive
402,Odele Eilert,+389-882-757-5854,oeilertb5@delicious.com,90 Meadow Ridge Parkway
403,Saundra Joyce,+976-561-564-6135,sjoyceb6@histats.com,51 Mosinee Hill
404,Milt Colquyte,+52-656-133-8932,mcolquyteb7@networkadvertising.org,69 Namekagon Way
405,Tonnie Stening,+681-894-785-2563,tsteningb8@netscape.com,0462 Pankratz Center
406,Gene Francombe,+86-107-960-2041,gfrancombeb9@list-manage.com,72826 Pine View Court
407,Tomi Spicer,+7-174-806-4781,tspicerba@narod.ru,93909 Bellgrove Court
408,Carrie Kernley,+353-724-805-2088,ckernleybb@homestead.com,31372 Fremont Park
409,Scotti O'Mannion,+55-856-933-2771,somannionbc@bandcamp.com,49 Jenifer Road
410,Hillary Arsey,+255-112-792-3378,harseybd@google.com,57 Florence Road
411,Hank Sparey,+1-915-802-7149,hspareybe@omniture.com,32 Dennis Circle
412,Abrahan Ingerson,+55-840-985-1592,aingersonbf@dion.ne.jp,90452 Hansons Circle
413,Anstice Warbrick,+375-155-957-8834,awarbrickbg@deviantart.com,92 Packers Point
414,Sherlocke Pointin,+86-724-500-6680,spointinbh@java.com,944 Sheridan Hill
415,Giles Houdmont,+86-991-907-8552,ghoudmontbi@free.fr,57308 Lerdahl Court
416,Foss Townes,+7-204-287-9315,ftownesbj@japanpost.jp,9589 Maple Wood Junction
417,Farr Baldocci,+33-643-964-9557,fbaldoccibk@un.org,77859 Golf View Alley
418,Lib Sonschein,+62-680-656-5823,lsonscheinbl@cam.ac.uk,6727 Lakewood Gardens Drive
419,Meggy Dorkens,+64-890-930-2381,mdorkensbm@engadget.com,42198 Haas Lane
420,Ileana Signoret,+63-515-956-5169,isignoretbn@arstechnica.com,10697 Fairfield Center
421,Menard Sturman,+86-515-511-1194,msturmanbo@shareasale.com,07 Delaware Crossing
422,Kylen Burbury,+255-905-185-7858,kburburybp@weebly.com,2 Hansons Court
423,Leeland Robbert,+389-637-609-4253,lrobbertbq@hubpages.com,2 Hanover Junction
424,Bary Fache,+1-415-346-4836,bfachebr@forbes.com,7687 Farragut Lane
425,Cyndie Lightbody,+691-377-161-8186,clightbodybs@timesonline.co.uk,13 Kings Street
426,Federico Brazener,+504-617-998-1836,fbrazenerbt@nasa.gov,05 Ilene Plaza
427,Christiano Dearle-Palser,+46-512-529-7364,cdearlepalserbu@yale.edu,5 Glendale Hill
428,Tuesday Phelipeaux,+58-764-374-6469,tphelipeauxbv@weibo.com,5681 Basil Terrace
429,Ranee Duxfield,+261-932-535-9099,rduxfieldbw@canalblog.com,580 Maryland Park
430,Dahlia Colly,+20-845-299-0224,dcollybx@businesswire.com,0535 Carpenter Center
431,Nichole Brislawn,+48-564-328-3789,nbrislawnby@netscape.com,12 Ronald Regan Place
432,Alonso Atger,+63-920-680-1389,aatgerbz@tuttocitta.it,18 Derek Trail
433,Selene Banat,+351-760-746-1964,sbanatc0@ucoz.com,882 Anhalt Avenue
434,Bryant Hartwright,+86-519-563-5648,bhartwrightc1@google.de,76 Stang Court
435,Clarance Tregona,+7-118-285-6984,ctregonac2@squarespace.com,5 Nobel Center
436,Winny Eskriett,+84-208-209-6672,weskriettc3@over-blog.com,69570 Muir Court
437,Haley Quipp,+31-274-847-1367,hquippc4@latimes.com,92 Twin Pines Point
438,Humberto McIlheran,+351-453-987-8357,hmcilheranc5@ebay.co.uk,61220 Forster Plaza
439,Shawna Elvin,+235-556-519-5583,selvinc6@elegantthemes.com,1 Summit Road
440,Auroora Crump,+964-975-434-4435,acrumpc7@lycos.com,14 Hazelcrest Alley
441,Kelwin Rieger,+351-745-912-6011,kriegerc8@shareasale.com,5 Coleman Road
442,Nichole Monson,+48-200-704-2358,nmonsonc9@technorati.com,3 Mifflin Pass
443,Marylinda Broader,+351-308-187-4557,mbroaderca@cam.ac.uk,8 Tennyson Court
444,Gunner Cicconettii,+385-521-978-9206,gcicconettiicb@cisco.com,869 Beilfuss Pass
445,Chanda Capun,+62-650-821-8590,ccapuncc@altervista.org,42 Welch Point
446,Odey Meriton,+46-542-535-9635,omeritoncd@businesswire.com,02199 Columbus Lane
447,Ring Fincher,+46-824-206-0074,rfincherce@meetup.com,8 Daystar Lane
448,Jonathan Dashkov,+94-552-750-8262,jdashkovcf@homestead.com,064 Anzinger Parkway
449,Kenna Dohrmann,+86-536-592-2813,kdohrmanncg@homestead.com,518 Holmberg Drive
450,Nestor Maron,+86-782-488-6713,nmaronch@geocities.jp,42795 Golf View Way
451,Munmro Bazylets,+48-324-527-3287,mbazyletsci@microsoft.com,884 Sugar Park
452,Elissa Drewery,+20-832-541-0566,edrewerycj@theatlantic.com,50 Atwood Parkway
453,Honor Elmer,+963-578-218-6709,helmerck@amazon.com,952 Golf Point
454,Lavinia Muncie,+48-974-894-7038,lmunciecl@weebly.com,72971 Crowley Alley
455,Lynde Heathcoat,+93-437-700-6235,lheathcoatcm@narod.ru,5 Burning Wood Pass
456,Richy Letts,+86-638-178-0888,rlettscn@youtube.com,1691 Corscot Road
457,Sarette Waulker,+46-679-413-6207,swaulkerco@cargocollective.com,94 Dunning Junction
458,Shaine Delacroix,+66-699-292-2090,sdelacroixcp@ucla.edu,2176 Kinsman Terrace
459,Ilyssa Ludwell,+54-826-629-7406,iludwellcq@nytimes.com,85 Jenifer Circle
460,Kelbee Di Giorgio,+98-739-264-3216,kdicr@studiopress.com,5 Schmedeman Avenue
461,Isabeau Caiger,+82-716-174-7540,icaigercs@furl.net,31732 Waubesa Street
462,Chas MacUchadair,+62-501-152-0244,cmacuchadairct@vk.com,78400 Sachtjen Way
463,Coop Olivas,+227-319-432-3938,colivascu@youtube.com,967 Monterey Alley
464,Marje Lay,+63-991-688-5981,mlaycv@nifty.com,40 Mayfield Trail
465,Allianora Alves,+973-725-472-4125,aalvescw@google.com.hk,9 Northfield Center
466,Maybelle Batts,+505-855-998-1551,mbattscx@intel.com,8 Glendale Alley
467,Bastian Bermingham,+51-602-600-6960,bberminghamcy@tumblr.com,3 Delaware Way
468,Harriott Noquet,+62-603-985-8365,hnoquetcz@istockphoto.com,3 Mockingbird Point
469,Amble Ozintsev,+33-781-875-4302,aozintsevd0@vkontakte.ru,86 Wayridge Point
470,Benetta Reith,+7-465-507-1147,breithd1@bloglines.com,80867 Declaration Junction
471,Mohandas Cocci,+1-941-831-3815,mcoccid2@eepurl.com,26 Scofield Crossing
472,Giustino Marval,+86-786-848-3142,gmarvald3@cargocollective.com,099 Kropf Crossing
473,Cornell Borge,+57-710-988-8201,cborged4@sohu.com,7357 Stuart Road
474,Tito McIlmorow,+63-284-158-3008,tmcilmorowd5@so-net.ne.jp,406 Clove Hill
475,Celinka Seyers,+233-287-214-5366,cseyersd6@furl.net,3 Chinook Parkway
476,Vivia Caukill,+98-230-505-1624,vcaukilld7@netlog.com,05839 Hagan Crossing
477,Arvie Lindgren,+86-764-811-7109,alindgrend8@instagram.com,903 Utah Pass
478,Gabriel Dmiterko,+33-957-763-0863,gdmiterkod9@naver.com,848 Victoria Drive
479,Florentia Diego,+81-880-359-0403,fdiegoda@bizjournals.com,39501 Merchant Park
480,Anthea Aldrin,+92-193-159-2956,aaldrindb@nps.gov,23 Warner Trail
481,Ben Dingivan,+98-146-694-1793,bdingivandc@istockphoto.com,775 Upham Road
482,Padriac Geeraert,+30-141-367-1817,pgeeraertdd@printfriendly.com,3 Hallows Place
483,Arden Matches,+62-970-801-8077,amatchesde@bluehost.com,78 Goodland Circle
484,Marcelia Varley,+1-970-956-1134,mvarleydf@cmu.edu,78142 Summit Pass
485,Lucila Everett,+86-894-104-6603,leverettdg@psu.edu,9 Carioca Street
486,Marja Pane,+61-782-288-2983,mpanedh@dmoz.org,83288 Green Way
487,Tressa Haylock,+62-709-224-6007,thaylockdi@blogger.com,82 Union Junction
488,Krysta Cartmel,+66-421-423-0099,kcartmeldj@istockphoto.com,0 Anhalt Crossing
489,Bret Spenceley,+7-498-177-8903,bspenceleydk@zdnet.com,01 Thackeray Junction
490,Byrann Fante,+86-521-642-7086,bfantedl@plala.or.jp,57996 Valley Edge Court
491,Rustie Ganny,+86-853-954-7540,rgannydm@sphinn.com,313 Buell Place
492,Stefanie Abbotson,+86-673-718-1312,sabbotsondn@kickstarter.com,20 Lakewood Trail
493,Opal Le Grove,+86-523-592-6340,oledo@sun.com,1067 Warner Avenue
494,Joelly Tommaseo,+31-102-200-8263,jtommaseodp@paypal.com,91 Rockefeller Circle
495,Carly Fenck,+54-553-159-5328,cfenckdq@timesonline.co.uk,17 Summit Park
496,Ginni Josum,+55-738-906-6414,gjosumdr@yandex.ru,6 Buell Way
497,Niccolo Neeve,+54-187-682-9316,nneeveds@gizmodo.com,97 Golf Course Crossing
498,Salim McPolin,+33-914-105-6738,smcpolindt@jugem.jp,9 Cherokee Parkway
499,Alford Scandrett,+86-809-124-8522,ascandrettdu@nih.gov,36 Glendale Pass
500,Katrine Frugier,+504-863-149-5277,kfrugierdv@vk.com,07070 Farmco Lane
501,Kelvin Franzotto,+31-599-364-8853,kfranzottodw@istockphoto.com,36 Crowley Trail
502,Wini De Ferrari,+7-525-304-0365,wdedx@qq.com,460 Roxbury Road
503,Raffaello Fyldes,+86-135-794-6031,rfyldesdy@stumbleupon.com,6 Burning Wood Trail
504,Wilmer Gorriessen,+967-510-412-5775,wgorriessendz@nasa.gov,5384 Westerfield Pass
505,Maddalena Dohms,+62-109-270-0963,mdohmse0@privacy.gov.au,5666 Ohio Park
506,Katya Gander,+371-933-962-6103,kgandere1@51.la,4 Esker Pass
507,Randal Gillibrand,+86-109-421-5140,rgillibrande2@phpbb.com,286 Meadow Vale Crossing
508,Ranee Sasser,+86-183-406-1290,rsassere3@opera.com,4 Ruskin Circle
509,Gibby Binding,+62-331-549-5446,gbindinge4@cnet.com,78965 Kensington Court
510,Janeczka Jedrzejewski,+55-940-952-7399,jjedrzejewskie5@google.com.au,326 Comanche Pass
511,Steffen Pynner,+504-955-636-6549,spynnere6@hc360.com,11 Clemons Plaza
512,Jeana Scoullar,+86-418-736-2971,jscoullare7@ifeng.com,1266 Kedzie Point
513,Cristen Semered,+86-946-568-4470,csemerede8@google.com.hk,87727 Lighthouse Bay Street
514,Otha Riha,+86-399-999-4976,orihae9@networksolutions.com,95170 Nova Road
515,Monte Sinkin,+33-771-969-5582,msinkinea@epa.gov,379 Mandrake Road
516,Whitney Bruhke,+52-423-853-7424,wbruhkeeb@wisc.edu,208 Duke Plaza
517,Layla Lavall,+55-988-635-1608,llavallec@furl.net,32 Fallview Parkway
518,Amalee Maraga,+86-193-106-2128,amaragaed@amazon.de,955 Mallory Terrace
519,Malorie Pouton,+62-607-278-9894,mpoutonee@google.nl,00311 Westport Plaza
520,Drucy Philliskirk,+62-301-457-0229,dphilliskirkef@umn.edu,8 Melvin Plaza
521,Benetta Baelde,+86-951-599-6233,bbaeldeeg@sitemeter.com,91387 Johnson Circle
522,Cello Allatt,+351-923-454-7928,callatteh@unblog.fr,9 Hovde Alley
523,Valentina Hemeret,+86-122-184-2778,vhemeretei@biblegateway.com,876 Rusk Circle
524,Kahlil McCreary,+7-998-364-0969,kmccrearyej@theglobeandmail.com,770 Commercial Trail
525,Blondelle Flucker,+993-156-999-7242,bfluckerek@t-online.de,76180 Prairieview Lane
526,Eloise Kneel,+33-698-818-4750,ekneelel@imdb.com,09828 Oak Valley Alley
527,Mirabel Piesing,+55-299-767-6906,mpiesingem@miitbeian.gov.cn,3124 Shoshone Circle
528,Ashley Ivatt,+374-831-509-7154,aivatten@ning.com,8 Golf Course Court
529,Damien Baughan,+62-984-479-0294,dbaughaneo@ocn.ne.jp,2748 Maywood Center
530,Raddy Polk,+63-490-864-3548,rpolkep@histats.com,3962 Dryden Junction
531,Ardelia MacDearmaid,+256-139-466-2773,amacdearmaideq@vistaprint.com,98183 Canary Point
532,Tait Westwater,+237-576-633-6846,twestwaterer@ucsd.edu,36 Arrowood Hill
533,Davy Matuszinski,+62-867-482-1322,dmatuszinskies@oracle.com,778 Ronald Regan Junction
534,Bren Oldmeadow,+420-992-381-0238,boldmeadowet@independent.co.uk,216 Roxbury Parkway
535,Curtis Grzeszczyk,+86-835-255-8776,cgrzeszczykeu@mashable.com,33 Moland Plaza
536,Eldon Philippeaux,+86-645-441-4221,ephilippeauxev@studiopress.com,787 Roth Parkway
537,Effie Pudner,+62-744-138-8813,epudnerew@delicious.com,937 Granby Lane
538,Kelby MacCosty,+86-466-925-1559,kmaccostyex@slashdot.org,557 Esch Street
539,Darya Robbe,+1-707-227-1061,drobbeey@cisco.com,9 Forest Run Junction
540,Lyndel Skains,+249-209-988-4769,lskainsez@reddit.com,31 Heffernan Drive
541,Franky Kristoffersen,+46-796-415-5093,fkristoffersenf0@bloomberg.com,1 Westridge Pass
542,Meridith Novello,+351-465-379-1353,mnovellof1@tmall.com,6874 American Ash Hill
543,Teddy Randleson,+1-205-659-2879,trandlesonf2@so-net.ne.jp,750 Forest Dale Crossing
544,Meier Downs,+47-201-571-1605,mdownsf3@gmpg.org,6401 5th Parkway
545,Charlotta Hanny,+81-815-955-2510,channyf4@tripadvisor.com,34 Butterfield Alley
546,Emmeline Beazey,+63-277-333-8934,ebeazeyf5@biblegateway.com,1906 Blue Bill Park Point
547,Melina Gawkes,+62-935-408-3962,mgawkesf6@rediff.com,69663 Burrows Hill
548,Manfred Wearne,+86-532-628-3650,mwearnef7@51.la,9285 American Street
549,Winnah Djordjevic,+63-549-398-4090,wdjordjevicf8@latimes.com,22492 Bunting Road
550,Agneta Sharpling,+63-492-175-7955,asharplingf9@psu.edu,079 Laurel Center
551,Stesha Andriessen,+7-747-313-8693,sandriessenfa@elpais.com,75 Oxford Point
552,Nedi Pauletti,+7-354-390-8465,npaulettifb@unc.edu,5208 Paget Parkway
553,Lora Lindhe,+46-320-860-2980,llindhefc@foxnews.com,527 Badeau Street
554,Penny Rawlence,+63-786-744-9603,prawlencefd@lulu.com,8742 Derek Street
555,Matthew Drain,+86-233-440-9242,mdrainfe@cam.ac.uk,23 Debra Center
556,Padraig Probate,+963-470-938-1328,pprobateff@blog.com,865 Delladonna Court
557,Letty Gianiello,+1-336-865-6968,lgianiellofg@mashable.com,82668 Fordem Avenue
558,Susannah Cardinale,+93-560-520-9592,scardinalefh@dailymail.co.uk,357 Pleasure Circle
559,Marjy Telezhkin,+86-224-103-2059,mtelezhkinfi@engadget.com,32 Merrick Hill
560,Melany Huffey,+86-965-611-4573,mhuffeyfj@lycos.com,9983 Morningstar Avenue
561,Cesar Deerness,+84-474-277-3081,cdeernessfk@google.fr,051 Ryan Road
562,Saree Duer,+86-316-748-6688,sduerfl@a8.net,0529 Dawn Terrace
563,Trip Borsi,+970-510-199-1033,tborsifm@comcast.net,7 Dayton Alley
564,Helen-elizabeth Kintzel,+62-289-754-3680,hkintzelfn@cocolog-nifty.com,902 Burrows Street
565,Nesta Michie,+86-269-445-0796,nmichiefo@spotify.com,5 Reindahl Parkway
566,Huntlee Still,+267-123-635-8978,hstillfp@devhub.com,5 Mockingbird Drive
567,Josepha Wakenshaw,+33-445-293-9659,jwakenshawfq@salon.com,1 Manley Parkway
568,Alexandros Killeen,+1-859-230-6982,akilleenfr@nbcnews.com,8601 Vernon Road
569,Phoebe Errichiello,+352-103-798-8766,perrichiellofs@wikipedia.org,6832 Randy Pass
570,Annamarie Trew,+7-557-171-1695,atrewft@bizjournals.com,03771 Laurel Center
571,Maritsa Sherborne,+63-391-450-1304,msherbornefu@accuweather.com,598 Melby Lane
572,Nathanial Frise,+242-139-350-4149,nfrisefv@salon.com,4995 Chinook Center
573,Gabriell Korneichuk,+63-822-808-7498,gkorneichukfw@php.net,18077 Spohn Point
574,Kahaleel Ewbanks,+976-685-657-5938,kewbanksfx@upenn.edu,54 Union Park
575,Kiri Featherstonhaugh,+33-734-252-9287,kfeatherstonhaughfy@wikipedia.org,92 Westend Place
576,Stefa Mullins,+86-837-573-4053,smullinsfz@marketwatch.com,286 Barnett Parkway
577,Carmon Witnall,+86-785-112-8205,cwitnallg0@youtu.be,320 Calypso Point
578,Olin Beames,+962-277-979-0643,obeamesg1@hexun.com,193 Westridge Junction
579,Herman Whorlow,+242-562-342-2060,hwhorlowg2@vkontakte.ru,222 Bay Court
580,Sarita Curdell,+62-723-930-8275,scurdellg3@businesswire.com,3 Eagle Crest Trail
581,Sabine Bowick,+62-767-450-7657,sbowickg4@europa.eu,66 Golf View Drive
582,Licha Culver,+380-536-968-1625,lculverg5@loc.gov,2864 Roxbury Way
583,Alastair Hacun,+33-630-195-7103,ahacung6@woothemes.com,84 Thierer Hill
584,Cahra Nelius,+55-295-955-1748,cneliusg7@reddit.com,602 International Hill
585,Ysabel Spilsted,+7-311-349-3795,yspilstedg8@blogspot.com,84 Fieldstone Pass
586,Karena Boatright,+505-237-758-2470,kboatrightg9@123-reg.co.uk,18 Merchant Crossing
587,Oralia Murrigan,+55-822-812-7115,omurriganga@ameblo.jp,69 Hazelcrest Alley
588,Selene Skingley,+1-832-219-9591,sskingleygb@addthis.com,29 Gina Hill
589,Idalia Owbridge,+420-663-184-1225,iowbridgegc@va.gov,3272 Grayhawk Court
590,Burton Philipsson,+33-202-566-7926,bphilipssongd@elegantthemes.com,75 Heath Terrace
591,Waverly Rosenthaler,+7-411-646-5142,wrosenthalerge@abc.net.au,53 Bartillon Trail
592,Kalli Obal,+52-516-717-2227,kobalgf@arizona.edu,8 Fuller Alley
593,Nicholle Aspinal,+86-661-102-6604,naspinalgg@netlog.com,302 Monterey Crossing
594,Clair McGillicuddy,+86-544-595-9218,cmcgillicuddygh@domainmarket.com,048 Lake View Trail
595,Gigi Crowley,+86-766-954-5422,gcrowleygi@irs.gov,0 Fairfield Street
596,Gerti Shovlin,+86-484-883-1033,gshovlingj@gizmodo.com,1 Schurz Road
597,Katy Teek,+506-501-784-3747,kteekgk@cnet.com,798 Marcy Trail
598,Hallsy Casassa,+86-131-524-8541,hcasassagl@mail.ru,17220 American Ash Plaza
599,Say Smalcombe,+63-413-579-0836,ssmalcombegm@google.com,004 Meadow Vale Place
600,Rhianna Senechault,+63-926-808-6590,rsenechaultgn@columbia.edu,6 Scofield Hill
601,Petronille Birkmyr,+218-129-991-6906,pbirkmyrgo@pbs.org,3940 Namekagon Trail
602,Fern Duffan,+855-809-232-9292,fduffangp@ibm.com,36246 Reindahl Street
603,Harmonie Sandiland,+92-582-893-5369,hsandilandgq@nytimes.com,02675 Pankratz Hill
604,Orville Haslock,+86-933-369-1744,ohaslockgr@auda.org.au,007 Nevada Road
605,Ivette Gail,+63-423-501-1854,igailgs@deviantart.com,78126 Del Sol Point
606,Cull Cullagh,+27-217-704-3091,ccullaghgt@nydailynews.com,3397 Brown Crossing
607,Cornie Stratten,+48-234-981-4677,cstrattengu@si.edu,862 Cardinal Trail
608,Vikki Zavattiero,+54-241-241-2354,vzavattierogv@digg.com,0067 Killdeer Lane
609,Hieronymus Thorrington,+374-554-476-7083,hthorringtongw@hubpages.com,8701 Mitchell Place
610,Merna Summerson,+62-389-170-8242,msummersongx@sourceforge.net,08 Hallows Crossing
611,Emlen Antonat,+57-135-188-6018,eantonatgy@g.co,06892 Coolidge Lane
612,Dell Spinozzi,+507-621-740-9250,dspinozzigz@msn.com,0953 Hallows Pass
613,Cheslie Splain,+1-915-947-6147,csplainh0@canalblog.com,9139 Scofield Hill
614,Joannes McRuvie,+7-544-834-2362,jmcruvieh1@seesaa.net,59 Pawling Parkway
615,Tyson MacBain,+351-156-573-2156,tmacbainh2@google.it,12 South Park
616,Thorn Holtom,+62-366-177-2901,tholtomh3@noaa.gov,50 Tennyson Place
617,Ermina Bartoli,+7-896-808-8622,ebartolih4@irs.gov,89763 Continental Way
618,Ranna Foystone,+389-555-157-1489,rfoystoneh5@themeforest.net,8 Farwell Plaza
619,Marlie Bewfield,+55-330-494-9973,mbewfieldh6@statcounter.com,35162 Dawn Junction
620,Tomasine Waldie,+86-909-864-7784,twaldieh7@sbwire.com,8 Dahle Point
621,Derrek Van Der Weedenburg,+62-820-698-1078,dvanh8@mtv.com,47 Claremont Street
622,Daven Wyss,+51-944-921-1293,dwyssh9@prlog.org,44490 Forster Junction
623,Rockwell O'Caine,+355-616-271-8542,rocaineha@house.gov,497 Helena Crossing
624,Brod Eddowis,+358-238-950-1270,beddowishb@abc.net.au,19 Melody Center
625,Chen Espinazo,+7-189-740-9245,cespinazohc@dmoz.org,5 Express Parkway
626,Babb Camilli,+242-698-281-9973,bcamillihd@google.it,9 Grim Pass
627,Darcee Valentim,+46-743-250-0144,dvalentimhe@epa.gov,2083 Marquette Court
628,Alis Elcott,+52-627-229-7729,aelcotthf@godaddy.com,99 Mallard Hill
629,Catriona Cornelisse,+86-789-933-9942,ccornelissehg@msn.com,684 Redwing Park
630,Essa Spinetti,+33-450-756-0204,espinettihh@ask.com,9 Toban Hill
631,Boote Trenoweth,+86-262-706-5864,btrenowethhi@zdnet.com,2 Blue Bill Park Lane
632,Silvain Beeble,+420-430-714-8612,sbeeblehj@opensource.org,02879 Manitowish Crossing
633,Trevar Petyt,+62-135-960-1253,tpetythk@mashable.com,94 Upham Circle
634,Judas Cool,+7-433-284-4565,jcoolhl@cbsnews.com,58 2nd Trail
635,Keenan Sagg,+33-328-417-7761,ksagghm@seesaa.net,2 Bunker Hill Alley
636,Eyde Dight,+63-211-899-6318,edighthn@desdev.cn,1306 American Road
637,Nita Aikenhead,+268-376-182-2245,naikenheadho@istockphoto.com,27116 Trailsway Alley
638,Sandor McAtamney,+7-962-426-3978,smcatamneyhp@harvard.edu,71 Rigney Center
639,Angelique Bigglestone,+57-195-510-9332,abigglestonehq@miibeian.gov.cn,1 South Place
640,Aguistin Ivery,+86-957-626-7933,aiveryhr@vkontakte.ru,9404 Rigney Avenue
641,Carmine Marner,+7-451-908-8540,cmarnerhs@bravesites.com,3 Dawn Hill
642,Marcia Renackowna,+62-866-589-4452,mrenackownaht@4shared.com,09 Union Park
643,Teodoro Coulter,+54-712-310-9205,tcoulterhu@cmu.edu,7 Parkside Avenue
644,Madalyn Reams,+66-527-602-3531,mreamshv@mediafire.com,1 Ryan Point
645,Clyve Liggins,+55-572-641-9209,cligginshw@ning.com,0 Aberg Avenue
646,Ronnica Collingworth,+358-162-515-9232,rcollingworthhx@squarespace.com,86 Debra Place
647,Tommi MacLucais,+62-835-317-4034,tmaclucaishy@blogtalkradio.com,9447 Anderson Trail
648,Zared Harbar,+82-302-633-4534,zharbarhz@spotify.com,96968 Commercial Center
649,Rollo Baake,+62-499-937-6417,rbaakei0@behance.net,4720 3rd Terrace
650,Ashlee Cridlon,+380-543-682-7719,acridloni1@mtv.com,08 Magdeline Court
651,Wendie Endrizzi,+86-681-450-9871,wendrizzii2@behance.net,44 New Castle Alley
652,Liesa Badcock,+351-122-400-2120,lbadcocki3@time.com,33805 Birchwood Lane
653,Bryant Bothie,+86-406-629-8545,bbothiei4@joomla.org,9 Mcbride Avenue
654,Wanda Potteridge,+33-647-755-7425,wpotteridgei5@sitemeter.com,130 Cherokee Drive
655,Wallis Mattusevich,+54-363-338-3081,wmattusevichi6@scribd.com,62931 Pepper Wood Parkway
656,Harlene Dutteridge,+351-657-978-2934,hdutteridgei7@cam.ac.uk,7339 Shoshone Point
657,Hillary Dearnaley,+994-427-487-7335,hdearnaleyi8@intel.com,7103 Northwestern Drive
658,Alexander Kimmitt,+63-629-549-7339,akimmitti9@seattletimes.com,4753 Red Cloud Terrace
659,Gena Gravenell,+62-237-758-9688,ggravenellia@cloudflare.com,4 Miller Park
660,Lucy Lander,+63-204-271-7380,llanderib@vimeo.com,0 Thompson Pass
661,Lark Pottage,+255-126-266-0785,lpottageic@nymag.com,0017 Oneill Parkway
662,Lenee Sharple,+1-425-620-2780,lsharpleid@webnode.com,197 Brown Court
663,Silvan Marron,+27-341-294-4723,smarronie@reddit.com,41 Alpine Place
664,Avigdor Jackes,+420-864-790-1130,ajackesif@samsung.com,67 Packers Terrace
665,Ciel Hebditch,+593-806-339-1644,chebditchig@nhs.uk,5 1st Hill
666,Willy Ingrey,+380-742-734-6867,wingreyih@freewebs.com,4 Graceland Trail
667,Harriot Zannotelli,+86-701-904-0658,hzannotelliii@blogtalkradio.com,0 Park Meadow Center
668,Cassie Stork,+63-726-878-5359,cstorkij@trellian.com,8024 Spenser Trail
669,Garrett Brind,+54-892-973-5617,gbrindik@woothemes.com,47 Harper Hill
670,Cassie Ralls,+86-498-369-4390,crallsil@surveymonkey.com,95302 Rockefeller Crossing
671,Cathryn Laister,+48-559-649-7346,claisterim@biglobe.ne.jp,413 Monument Court
672,Gardy Scanterbury,+62-476-198-7431,gscanterburyin@europa.eu,6 Sauthoff Park
673,Siegfried Spiteri,+351-439-210-8863,sspiteriio@posterous.com,221 6th Place
674,Anna-diane Creyke,+62-928-470-8422,acreykeip@yellowpages.com,942 6th Trail
675,Jenilee Moreno,+62-777-747-1260,jmorenoiq@hp.com,0832 Texas Junction
676,Herman Paunton,+7-315-362-7714,hpauntonir@vkontakte.ru,728 Kensington Hill
677,Nico Sinisbury,+351-350-645-6068,nsinisburyis@slashdot.org,4 Corben Street
678,Robbyn McFeate,+57-562-636-2658,rmcfeateit@archive.org,31 Katie Avenue
679,Bessy Whitticks,+51-338-343-9472,bwhitticksiu@army.mil,2224 Kinsman Junction
680,Fabio Samwyse,+1-513-780-2107,fsamwyseiv@de.vu,796 Menomonie Way
681,Danica Fahrenbach,+98-433-501-6692,dfahrenbachiw@mapquest.com,77118 Clove Point
682,Gunar Tringham,+62-983-479-2429,gtringhamix@reddit.com,1 Division Court
683,Holli Byrkmyr,+351-254-361-6324,hbyrkmyriy@sogou.com,64331 Mariners Cove Way
684,Deonne Leaton,+94-196-815-8121,dleatoniz@cisco.com,5 Golf View Avenue
685,Bert Crofts,+57-342-457-0527,bcroftsj0@weibo.com,0601 Packers Pass
686,Ferrell Minnock,+86-570-791-3057,fminnockj1@ft.com,5 Park Meadow Alley
687,Morten Hillett,+86-488-736-0554,mhillettj2@time.com,2568 Summit Park
688,Jane Scheu,+385-772-988-4776,jscheuj3@kickstarter.com,81828 Clove Park
689,Andeee Yoslowitz,+33-568-661-8920,ayoslowitzj4@zimbio.com,945 Walton Drive
690,Allistir Hannigane,+62-332-651-2065,ahanniganej5@amazon.com,353 Farmco Circle
691,Rickie Guillain,+48-807-938-9764,rguillainj6@dmoz.org,57369 Burrows Pass
692,Jarrod Taffley,+62-243-128-9603,jtaffleyj7@google.es,82 Bobwhite Junction
693,Hyacintha Fratczak,+977-320-621-6297,hfratczakj8@yellowpages.com,2 Bobwhite Crossing
694,Cyndie Spellar,+389-537-341-2029,cspellarj9@phpbb.com,00 Schlimgen Road
695,Brett Sussans,+86-960-953-1796,bsussansja@mayoclinic.com,29 Stang Circle
696,Selene Bullant,+86-806-823-4046,sbullantjb@wp.com,5 Eagan Trail
697,Berky Parmiter,+993-111-937-7866,bparmiterjc@archive.org,14 Tennyson Plaza
698,Raine Ghirardi,+33-668-965-7806,rghirardijd@bloglovin.com,49 Vernon Way
699,Yelena Shillum,+55-712-446-9323,yshillumje@aboutads.info,559 Stang Point
700,Kincaid Merida,+61-432-834-2236,kmeridajf@google.ca,27 Manufacturers Hill
701,Kathrine Patrono,+48-582-836-1285,kpatronojg@pcworld.com,90 Sunfield Circle
702,Glad Orpin,+269-516-978-2148,gorpinjh@mail.ru,8134 Dryden Road
703,Bibi Midgely,+86-967-497-1054,bmidgelyji@histats.com,2 Southridge Parkway
704,Tommie Cruse,+31-660-364-1424,tcrusejj@newsvine.com,4 Schiller Place
705,Bealle Wealthall,+86-200-799-8225,bwealthalljk@studiopress.com,0901 Glacier Hill Point
706,Ripley Inker,+52-645-124-2082,rinkerjl@ning.com,65864 Calypso Court
707,Izaak Jone,+86-651-108-3466,ijonejm@shutterfly.com,3 Mallard Avenue
708,Cullie Kyncl,+998-574-781-6091,ckyncljn@buzzfeed.com,413 Johnson Point
709,Ollie Mikalski,+372-745-860-2145,omikalskijo@angelfire.com,9 Raven Place
710,Eleanore Minithorpe,+212-914-659-6668,eminithorpejp@businesswire.com,58 Vahlen Road
711,Gregoor Duffitt,+62-344-227-7207,gduffittjq@webs.com,620 Forest Circle
712,Oralia Esslemont,+238-816-295-1575,oesslemontjr@myspace.com,769 Grover Point
713,Kippy Wix,+62-712-285-6686,kwixjs@jugem.jp,56223 Old Gate Street
714,Jorie Windross,+62-766-568-1508,jwindrossjt@jiathis.com,100 Mariners Cove Terrace
715,Edmon Poynton,+63-775-797-4010,epoyntonju@cocolog-nifty.com,8309 Buell Road
716,Malinde Derby,+506-249-317-3194,mderbyjv@networksolutions.com,69143 Arrowood Drive
717,Mary Aveson,+51-420-458-5766,mavesonjw@tiny.cc,5420 Fulton Plaza
718,Morton Bortoli,+63-748-328-4454,mbortolijx@trellian.com,26 Hooker Park
719,Faunie Clampe,+31-928-476-5821,fclampejy@imdb.com,294 Twin Pines Drive
720,Ailsun Van Salzberger,+54-190-876-1623,avanjz@unesco.org,383 Loomis Junction
721,Frazier Chaperlin,+7-235-937-9228,fchaperlink0@nsw.gov.au,8563 Fordem Hill
722,Bette Timewell,+86-808-868-7390,btimewellk1@hibu.com,75854 Crownhardt Place
723,Milicent Ciccotti,+1-769-665-5375,mciccottik2@hugedomains.com,42072 Sunfield Trail
724,Maximilien Dukes,+51-289-973-0404,mdukesk3@mapquest.com,9011 Lakewood Gardens Avenue
725,Stafani Jones,+502-954-403-8209,sjonesk4@quantcast.com,15 Laurel Street
726,Gypsy Dedam,+218-403-488-9162,gdedamk5@newyorker.com,15 Nancy Parkway
727,Franny Merredy,+62-291-526-0698,fmerredyk6@theatlantic.com,25986 Heath Trail
728,Janith Durrand,+63-967-309-3838,jdurrandk7@elegantthemes.com,609 Elmside Way
729,Brandie Beddo,+509-625-455-1451,bbeddok8@xrea.com,939 Clove Park
730,Jozef Deakins,+351-379-168-1623,jdeakinsk9@godaddy.com,0 American Trail
731,Clyde Meineking,+55-949-210-3309,cmeinekingka@unc.edu,6 Wayridge Lane
732,Mitchael Renad,+86-494-375-6932,mrenadkb@accuweather.com,19 Evergreen Plaza
733,Aylmar Cardis,+62-761-208-6574,acardiskc@cnbc.com,10372 Nova Drive
734,Lyn Russilll,+63-985-502-7354,lrussilllkd@wordpress.org,5 Bobwhite Court
735,Claybourne Hook,+46-393-746-7008,chookke@nbcnews.com,10615 Dovetail Road
736,Den Collet,+86-132-513-6447,dcolletkf@mediafire.com,3 Dryden Pass
737,Andre Trowl,+86-386-452-0491,atrowlkg@wired.com,8 Almo Road
738,Cris Hick,+234-813-604-9885,chickkh@auda.org.au,10 Florence Drive
739,Rayner Adelberg,+256-459-402-8907,radelbergki@vkontakte.ru,4 Hovde Trail
740,Karita Tilling,+1-205-378-2623,ktillingkj@va.gov,0037 Arapahoe Alley
741,Joelie Kornas,+62-111-538-8347,jkornaskk@hud.gov,00218 Towne Street
742,Lucius Beavington,+31-560-918-4705,lbeavingtonkl@huffingtonpost.com,86440 Leroy Place
743,Marya Bewsey,+502-208-657-4581,mbewseykm@infoseek.co.jp,20289 Magdeline Circle
744,Mark Corey,+591-268-153-7436,mcoreykn@nba.com,38012 Welch Trail
745,Benoite Matzeitis,+55-701-873-4686,bmatzeitisko@etsy.com,1 Bay Junction
746,Inger Asif,+86-142-424-7554,iasifkp@vkontakte.ru,4370 Dahle Crossing
747,Wylma Trevena,+351-366-209-6075,wtrevenakq@whitehouse.gov,753 Truax Trail
748,Drucy Raistrick,+62-570-408-2448,draistrickkr@free.fr,1 Goodland Place
749,Orren O'Bradain,+62-586-474-3789,oobradainks@deviantart.com,72 Jenna Street
750,Rita Lucio,+55-262-902-7690,rluciokt@wikispaces.com,13240 Hooker Park
751,Simone Slimings,+234-986-155-1828,sslimingsku@gmpg.org,108 Continental Alley
752,Mattie Murrison,+86-206-454-3767,mmurrisonkv@springer.com,08 Green Drive
753,Corella Janda,+62-770-439-8900,cjandakw@accuweather.com,0 Donald Circle
754,Sidnee Redihalgh,+351-704-114-2652,sredihalghkx@theglobeandmail.com,023 Morning Center
755,Brynn McCombe,+84-110-332-8133,bmccombeky@twitter.com,4339 Hintze Terrace
756,Gwendolin Peasegod,+1-901-531-0240,gpeasegodkz@oakley.com,4 Briar Crest Parkway
757,Farica Dundredge,+62-402-399-8898,fdundredgel0@mlb.com,4 Hansons Junction
758,Glenine Sopper,+420-287-922-5998,gsopperl1@washington.edu,52016 Dottie Place
759,Leonora Parell,+86-390-927-0791,lparelll2@elpais.com,087 Heath Center
760,Bailie Olander,+1-277-293-5389,bolanderl3@163.com,0086 Grim Crossing
761,Korry Cogdon,+51-294-961-8243,kcogdonl4@cornell.edu,294 Hollow Ridge Road
762,Rozamond Quartly,+66-697-835-5456,rquartlyl5@trellian.com,1 Hudson Lane
763,Joelly Seatter,+86-208-588-9146,jseatterl6@boston.com,129 Corscot Avenue
764,Lottie Hanscome,+374-696-579-5380,lhanscomel7@pinterest.com,34464 Dakota Lane
765,Simone Sones,+84-730-259-9095,ssonesl8@photobucket.com,52 Spenser Pass
766,Aldon Haggath,+504-993-468-5710,ahaggathl9@homestead.com,3 Boyd Crossing
767,Reade Maudett,+48-600-764-7703,rmaudettla@google.ru,2 Prairieview Trail
768,Celie Grenter,+1-501-762-1377,cgrenterlb@pinterest.com,8 Hoard Parkway
769,Herculie Drohane,+86-755-649-4589,hdrohanelc@netlog.com,69148 Marquette Circle
770,Helaine Waring,+62-619-248-8262,hwaringld@google.co.jp,35075 Starling Park
771,Justine Ewence,+380-588-636-0519,jewencele@goodreads.com,629 Forest Dale Center
772,Agnola Bayliss,+351-128-541-8783,abaylisslf@npr.org,2689 Bonner Lane
773,Mikkel Obert,+86-909-897-3017,mobertlg@about.com,334 Colorado Way
774,Nolan Estcourt,+34-709-483-4731,nestcourtlh@jigsy.com,47 Green Ridge Point
775,Sylvia Denes,+86-207-366-7546,sdenesli@feedburner.com,077 Blaine Way
776,Marji Shrimpling,+62-419-910-9741,mshrimplinglj@prweb.com,18 Dovetail Lane
777,Max Koppe,+355-503-323-8675,mkoppelk@dagondesign.com,27 Messerschmidt Crossing
778,Wanda Corstorphine,+86-902-790-5064,wcorstorphinell@nbcnews.com,90187 Hauk Alley
779,Emmy Poll,+86-596-481-2925,epolllm@paginegialle.it,9580 Bunker Hill Hill
780,Salvidor Crunkhorn,+46-478-941-2512,scrunkhornln@sun.com,6 Rieder Lane
781,Eleonora Beddoes,+502-955-141-0075,ebeddoeslo@ustream.tv,0 Carberry Avenue
782,Stillmann Allkins,+62-739-631-7955,sallkinslp@narod.ru,36261 Buell Crossing
783,Orlan Piris,+258-880-454-2477,opirislq@joomla.org,503 Lakewood Gardens Drive
784,Brendin Danaher,+963-760-224-8632,bdanaherlr@plala.or.jp,2536 Kingsford Terrace
785,Junette Eade,+86-112-762-9845,jeadels@over-blog.com,4 Calypso Terrace
786,De McCrudden,+51-835-856-9404,dmccruddenlt@bloglines.com,9 Stuart Street
787,Matteo Brownsall,+381-804-433-0375,mbrownsalllu@posterous.com,19728 Forest Dale Park
788,Bette Korous,+355-438-903-4133,bkorouslv@blogger.com,7 Mallory Way
789,Harper Zannolli,+86-375-327-5722,hzannollilw@ihg.com,89127 International Junction
790,Meridel Birds,+86-293-811-8501,mbirdslx@unesco.org,61 Gerald Trail
791,Quincy Antcliff,+48-282-201-8630,qantcliffly@virginia.edu,26243 Bowman Park
792,Renae Peachman,+33-137-743-6063,rpeachmanlz@ucla.edu,152 Katie Plaza
793,Ivor Durtnall,+33-929-934-6492,idurtnallm0@acquirethisname.com,84862 Cordelia Crossing
794,Darb Chicotti,+51-950-686-8140,dchicottim1@icio.us,85 Mosinee Park
795,Odelle Darque,+264-418-572-8164,odarquem2@studiopress.com,3 Buhler Center
796,Nealson Bambrugh,+98-728-860-9430,nbambrughm3@time.com,68870 Lien Circle
797,Stillman Cheales,+41-729-136-6803,schealesm4@sciencedirect.com,1819 Buell Court
798,Abbott Probart,+57-534-430-3341,aprobartm5@hc360.com,190 Hanover Trail
799,Melita Bousfield,+48-828-780-2430,mbousfieldm6@odnoklassniki.ru,5 Thompson Avenue
800,Coralyn Nisot,+387-221-447-0002,cnisotm7@barnesandnoble.com,708 Vidon Court
801,Enid Chapman,+52-869-871-4778,echapmanm8@ucla.edu,9701 Harper Hill
802,Rene Scard,+351-256-223-8130,rscardm9@people.com.cn,6844 Stuart Crossing
803,Felita Sprott,+47-713-308-1546,fsprottma@weather.com,55311 Burrows Terrace
804,Dennie Yosifov,+86-737-273-6494,dyosifovmb@craigslist.org,5 Loftsgordon Lane
805,Vonni Tonner,+63-262-586-4097,vtonnermc@edublogs.org,121 Fremont Lane
806,Jocelyn Gundry,+33-613-444-5005,jgundrymd@imgur.com,7 8th Hill
807,Gabie Cadwell,+355-977-206-8928,gcadwellme@adobe.com,0 High Crossing Point
808,Karlotta Brayne,+86-905-591-5982,kbraynemf@wikispaces.com,34776 Browning Road
809,Prinz Jobbing,+86-503-963-4200,pjobbingmg@census.gov,030 Carpenter Street
810,Merissa Tyreman,+268-718-199-8378,mtyremanmh@washington.edu,83 Summit Way
811,Rustie Milleton,+374-221-176-8425,rmilletonmi@slashdot.org,982 Grim Trail
812,Gardie Lodemann,+62-159-140-7756,glodemannmj@rambler.ru,9 Lyons Junction
813,Reggis Kasperski,+86-150-173-3280,rkasperskimk@disqus.com,47269 Prairieview Junction
814,Glennie Mifflin,+58-430-828-0346,gmifflinml@sciencedirect.com,608 Vahlen Place
815,Briney Ryce,+62-443-516-8111,brycemm@cornell.edu,7764 Jay Avenue
816,Katherine Snaddin,+33-657-314-4230,ksnaddinmn@discovery.com,32903 Hansons Street
817,Reider Neller,+261-607-180-0338,rnellermo@webs.com,97 Hooker Circle
818,Anett Thrasher,+55-274-645-3595,athrashermp@linkedin.com,53 Blackbird Center
819,Del Hilley,+86-767-381-4868,dhilleymq@earthlink.net,76929 Arrowood Pass
820,Quinton Worthington,+383-524-796-0673,qworthingtonmr@istockphoto.com,0620 Prairieview Point
821,Trip Thorowgood,+54-980-660-9776,tthorowgoodms@t-online.de,21 Burrows Court
822,Jasper Scini,+386-732-419-0781,jscinimt@bizjournals.com,861 Boyd Parkway
823,Pieter Allchorn,+62-862-446-4545,pallchornmu@cyberchimps.com,27 Springs Plaza
824,Kerr Hymans,+34-466-818-6345,khymansmv@bluehost.com,184 Mcguire Alley
825,Ibrahim Kervin,+1-909-113-4287,ikervinmw@bigcartel.com,85 Porter Trail
826,Giulio Dyas,+7-654-904-2518,gdyasmx@wiley.com,9040 Washington Place
827,Guillemette Batham,+86-803-915-7599,gbathammy@un.org,563 Sommers Point
828,Tommy Clegg,+880-827-250-2475,tcleggmz@va.gov,596 Ryan Place
829,Gabriel Quantrill,+92-402-224-5919,gquantrilln0@github.com,074 Pennsylvania Avenue
830,Bernice Tilt,+385-370-938-7867,btiltn1@tinyurl.com,1 Farmco Terrace
831,Ronny Niven,+48-465-636-8875,rnivenn2@privacy.gov.au,92279 Debs Lane
832,Giraldo McCarroll,+84-299-314-8673,gmccarrolln3@redcross.org,4 Jana Circle
833,Joscelin Milella,+62-242-881-8586,jmilellan4@amazonaws.com,82 Jackson Drive
834,Georgine Fruser,+62-623-763-3466,gfrusern5@gravatar.com,7 Carioca Pass
835,Carmita Lampl,+227-701-136-6070,clampln6@devhub.com,781 Oak Valley Court
836,Aryn Cully,+86-431-199-0190,acullyn7@engadget.com,02 Scofield Court
837,Bartholemy Enrich,+62-192-630-1059,benrichn8@domainmarket.com,803 Roth Circle
838,Marlena Pengilly,+852-265-622-9943,mpengillyn9@pcworld.com,75193 Lakewood Drive
839,Melisande Risdall,+51-420-890-9118,mrisdallna@multiply.com,86 Dovetail Center
840,Caril Elson,+62-449-405-8289,celsonnb@si.edu,75286 Charing Cross Place
841,Brigham Wozencraft,+370-103-875-6480,bwozencraftnc@fc2.com,5884 Cody Pass
842,Candide Polak,+595-217-174-5455,cpolaknd@java.com,670 Amoth Street
843,Kiley Stirland,+237-589-730-6805,kstirlandne@alexa.com,0232 Myrtle Road
844,Roanna Cuxon,+55-840-225-8217,rcuxonnf@sina.com.cn,495 Reinke Drive
845,Myrtle Jillins,+7-704-837-4754,mjillinsng@vimeo.com,0052 Reinke Terrace
846,Kurtis Sidery,+62-382-307-8879,ksiderynh@nba.com,9 Green Junction
847,Ernestus Petrovic,+254-304-759-1878,epetrovicni@miitbeian.gov.cn,0636 Lakewood Avenue
848,Lia Corinton,+231-206-764-8620,lcorintonnj@bravesites.com,71 Pine View Terrace
849,Benedetto Oakes,+86-627-716-0317,boakesnk@fda.gov,779 Sachtjen Circle
850,Ethelda Pikett,+221-119-349-8562,epikettnl@sakura.ne.jp,3880 Northport Point
851,Maria Darwood,+599-888-327-1286,mdarwoodnm@apple.com,4 Sunbrook Court
852,Husein Eusden,+34-535-893-8090,heusdennn@vk.com,015 Boyd Street
853,Garry Colebourne,+1-279-218-1449,gcolebourneno@homestead.com,63 Dexter Crossing
854,Cal Spread,+84-479-740-1840,cspreadnp@4shared.com,49378 Dryden Parkway
855,Siegfried Ratchford,+86-481-848-7534,sratchfordnq@youku.com,7 Ilene Junction
856,Derward Calken,+86-358-231-9186,dcalkennr@bloglovin.com,00584 Pepper Wood Plaza
857,Lanita Theis,+389-237-985-5053,ltheisns@1688.com,584 Bluejay Drive
858,Nathalia Fritche,+351-190-329-7274,nfritchent@columbia.edu,7247 Glacier Hill Plaza
859,Maryanne Cotilard,+62-568-153-1866,mcotilardnu@ucoz.com,60 Lunder Terrace
860,Dion Curedale,+86-215-135-0807,dcuredalenv@aboutads.info,423 Leroy Avenue
861,Durward Yacob,+48-310-863-7087,dyacobnw@sbwire.com,8 Forest Run Alley
862,Donn Quarton,+86-888-754-9641,dquartonnx@noaa.gov,640 Coolidge Point
863,Kaine Wrathmall,+63-966-346-6091,kwrathmallny@reuters.com,13 Schmedeman Road
864,Donalt Bavridge,+46-233-108-1541,dbavridgenz@1und1.de,935 Victoria Pass
865,Cad Mabee,+86-918-838-6282,cmabeeo0@live.com,05283 Parkside Parkway
866,Yehudi Rowan,+86-860-615-3587,yrowano1@admin.ch,007 Myrtle Terrace
867,Christy Bugdale,+58-180-906-7461,cbugdaleo2@virginia.edu,671 Mockingbird Street
868,Helsa Carefull,+55-654-683-6142,hcarefullo3@weather.com,126 Schmedeman Plaza
869,Raff Cinelli,+351-817-107-5967,rcinellio4@adobe.com,5120 Helena Place
870,Bevon Gorger,+880-317-543-3400,bgorgero5@cocolog-nifty.com,1399 Armistice Park
871,Waylen Heineke,+216-317-636-0483,wheinekeo6@xrea.com,147 Memorial Park
872,Ruttger Beckham,+33-317-292-1234,rbeckhamo7@tiny.cc,689 Milwaukee Road
873,Adham Sissot,+592-583-745-6805,asissoto8@sfgate.com,2 Superior Plaza
874,Rem O'Shevlin,+7-316-486-8215,roshevlino9@phoca.cz,696 Dapin Park
875,Shandeigh Graber,+62-648-602-2547,sgraberoa@facebook.com,9905 Shopko Lane
876,Kali Crowest,+63-418-265-7085,kcrowestob@who.int,09 Buena Vista Drive
877,Binnie Fielding,+63-169-832-0842,bfieldingoc@ameblo.jp,82155 Del Sol Avenue
878,Hort Dufaire,+86-314-312-0077,hdufaireod@creativecommons.org,27 Donald Way
879,Rodge Yanele,+358-254-202-4125,ryaneleoe@feedburner.com,4 Menomonie Junction
880,Derwin Stanmer,+420-883-147-1911,dstanmerof@wix.com,7018 Beilfuss Point
881,Teddy Saenz,+62-412-170-7027,tsaenzog@list-manage.com,55 Marquette Circle
882,Melinda Delieu,+51-227-423-0172,mdelieuoh@w3.org,55 Division Junction
883,Stanfield Dumbar,+62-728-166-2101,sdumbaroi@pbs.org,0593 Moulton Hill
884,Lucie Charette,+48-933-499-8906,lcharetteoj@tamu.edu,29 Killdeer Circle
885,Dev Charsley,+351-502-642-0194,dcharsleyok@prnewswire.com,73783 Bashford Plaza
886,Kariotta Featenby,+86-398-728-4936,kfeatenbyol@stumbleupon.com,28 Northland Alley
887,Mandel Hovel,+33-794-765-2417,mhovelom@edublogs.org,029 Lunder Circle
888,Nicola Kobiera,+351-769-908-3834,nkobieraon@vk.com,909 Knutson Circle
889,Elenore Densham,+351-488-474-1505,edenshamoo@sciencedaily.com,0826 Hoard Place
890,Jillian Necolds,+380-353-505-8162,jnecoldsop@go.com,79662 Rusk Point
891,Zarah Eby,+52-975-612-5065,zebyoq@patch.com,5016 Gulseth Point
892,Ebonee Stirman,+351-639-652-2041,estirmanor@diigo.com,8700 Spaight Point
893,Muffin Tappington,+52-513-762-8510,mtappingtonos@lulu.com,17 Hallows Junction
894,Melantha Snar,+86-817-728-0642,msnarot@networkadvertising.org,08 Comanche Court
895,Yard Ranby,+504-603-827-3006,yranbyou@xing.com,60200 Dwight Lane
896,Arvy Sancto,+63-576-893-8765,asanctoov@ucla.edu,1 Almo Street
897,La verne Wakelam,+1-570-843-2347,lverneow@de.vu,0 Lien Avenue
898,Oren Rottenbury,+358-511-961-7303,orottenburyox@prnewswire.com,78 Old Gate Court
899,Jemmy Pippin,+51-281-763-2731,jpippinoy@nbcnews.com,9 Aberg Circle
900,Candy Bumby,+30-695-138-5499,cbumbyoz@chicagotribune.com,55799 Drewry Crossing
901,Catharine Stanes,+33-553-220-6966,cstanesp0@stumbleupon.com,1372 Pepper Wood Circle
902,Joey Butterfill,+36-453-504-1537,jbutterfillp1@quantcast.com,3 Arrowood Center
903,Consuela Hartil,+63-543-562-2707,chartilp2@wikia.com,34 Jana Street
904,Joly Deavall,+47-100-798-4367,jdeavallp3@sphinn.com,16055 Forster Junction
905,Alwin Cockerell,+39-345-836-5415,acockerellp4@delicious.com,6 Waxwing Parkway
906,Temp Panther,+52-385-157-8141,tpantherp5@vk.com,42 Grayhawk Park
907,Rayna Brooksby,+62-421-866-6173,rbrooksbyp6@ucsd.edu,8178 Fieldstone Avenue
908,Kelsey Venny,+261-191-895-0826,kvennyp7@wikimedia.org,73519 Scott Alley
909,Faythe Neachell,+62-756-196-9301,fneachellp8@cbslocal.com,6432 Farmco Plaza
910,Karla Lerwell,+420-206-633-9627,klerwellp9@time.com,76665 Anniversary Center
911,Jayme Greguoli,+33-714-119-2078,jgreguolipa@comcast.net,190 Maryland Crossing
912,Flo Kiehnlt,+420-493-591-5617,fkiehnltpb@hexun.com,34261 Buena Vista Plaza
913,Willy Gallymore,+86-642-246-2219,wgallymorepc@php.net,846 Eastlawn Park
914,Tedman Pedroni,+84-110-109-7554,tpedronipd@comsenz.com,92239 Cottonwood Road
915,Ernesta Yexley,+86-971-982-3517,eyexleype@nps.gov,9279 Carberry Court
916,Ibbie Thorneley,+30-162-765-5903,ithorneleypf@alexa.com,88 Kensington Place
917,Mendie Loker,+46-723-958-6215,mlokerpg@msu.edu,0 Cordelia Hill
918,Willabella Brigg,+86-272-489-7055,wbriggph@nyu.edu,1662 Melvin Street
919,Colas Kittiman,+501-742-108-2372,ckittimanpi@va.gov,99212 Del Mar Hill
920,Robinson Weedon,+62-197-765-3530,rweedonpj@clickbank.net,93 Hoard Way
921,Aileen Wormleighton,+509-775-429-4309,awormleightonpk@ftc.gov,75166 Shasta Junction
922,Van Sail,+63-696-175-5965,vsailpl@topsy.com,09 Alpine Terrace
923,Evonne Haughan,+420-284-852-8671,ehaughanpm@vinaora.com,801 Stoughton Street
924,Erik Reding,+66-763-787-7790,eredingpn@engadget.com,915 Fairview Park
925,Brita Corain,+86-281-732-0610,bcorainpo@eventbrite.com,792 Superior Plaza
926,Jess Petti,+86-156-656-9177,jpettipp@theatlantic.com,9798 Everett Lane
927,Bunny Gratland,+593-198-150-1874,bgratlandpq@gnu.org,71 Sherman Park
928,Leeann Aleksic,+351-838-632-3616,laleksicpr@dell.com,0750 American Plaza
929,Steven Bolderstone,+63-744-501-0355,sbolderstoneps@about.me,3815 Morningstar Lane
930,Willow Inglesfield,+60-564-203-5797,winglesfieldpt@cbsnews.com,778 Petterle Drive
931,Alvin Ashingden,+260-772-244-9770,aashingdenpu@yahoo.co.jp,397 Bay Court
932,Janessa Hailwood,+86-908-141-5929,jhailwoodpv@qq.com,8 Merchant Place
933,Lyndsey Machel,+66-187-223-5887,lmachelpw@oakley.com,9488 Cottonwood Park
934,Elvis Percifer,+86-918-619-0624,eperciferpx@google.es,0 Nancy Center
935,Hildy Arrighi,+1-952-739-2619,harrighipy@about.me,728 Killdeer Park
936,Shepperd Jarrelt,+351-624-670-6375,sjarreltpz@comcast.net,05 Holmberg Plaza
937,Sherye Mandrier,+7-898-261-9038,smandrierq0@arstechnica.com,39382 Mariners Cove Parkway
938,Lyndsie McCaughen,+33-511-129-3288,lmccaughenq1@blogspot.com,3356 Hermina Way
939,Erie Yurenev,+351-856-685-8380,eyurenevq2@t-online.de,70280 Waywood Center
940,Algernon Orwin,+86-689-141-1587,aorwinq3@godaddy.com,658 John Wall Pass
941,Amata Brimacombe,+1-719-416-3588,abrimacombeq4@bbc.co.uk,914 Lakewood Way
942,Nelie Ewell,+54-250-834-2591,newellq5@mail.ru,86414 Westridge Street
943,Aline Fullager,+86-437-626-8169,afullagerq6@discuz.net,314 Lindbergh Hill
944,Toiboid Westpfel,+974-410-371-4186,twestpfelq7@addtoany.com,3371 Buell Trail
945,Bart Gerger,+46-653-636-7418,bgergerq8@wunderground.com,15 Welch Way
946,Zolly Ribey,+27-689-440-2003,zribeyq9@about.com,656 American Point
947,Jermaine Facchini,+86-507-817-8768,jfacchiniqa@xing.com,9 Daystar Court
948,Pablo Stert,+86-359-547-8975,pstertqb@netlog.com,15330 Algoma Hill
949,Malory Boardman,+62-244-967-2656,mboardmanqc@mac.com,2 Badeau Center
950,Sophey Chilvers,+33-687-288-7428,schilversqd@wp.com,29066 Russell Avenue
951,Bella Bourges,+7-705-158-9842,bbourgesqe@accuweather.com,375 Esch Hill
952,Ketti Castelot,+92-264-499-7368,kcastelotqf@over-blog.com,4565 Banding Drive
953,Darsie Coatham,+1-210-438-0153,dcoathamqg@un.org,31 Burrows Court
954,Shanna Reichert,+381-977-968-7738,sreichertqh@usatoday.com,561 Mcguire Plaza
955,Gale Farebrother,+351-707-668-2810,gfarebrotherqi@comcast.net,6607 New Castle Avenue
956,Ford Mandrey,+86-146-512-1197,fmandreyqj@washingtonpost.com,9 1st Avenue
957,Libby Swanbourne,+62-130-242-0205,lswanbourneqk@earthlink.net,64551 Center Center
958,Kendell Ivashkov,+86-153-573-0860,kivashkovql@vinaora.com,7168 Main Parkway
959,Zachary Krolman,+55-795-395-9174,zkrolmanqm@ihg.com,55755 Welch Place
960,Niles Gurrado,+33-779-843-3739,ngurradoqn@google.com,2668 Forest Trail
961,Joey Daventry,+86-986-328-6088,jdaventryqo@google.com.br,8743 Hovde Point
962,Tristan Mougeot,+260-891-430-6740,tmougeotqp@telegraph.co.uk,156 Welch Pass
963,Donna Treby,+52-198-639-5181,dtrebyqq@sogou.com,2132 Browning Court
964,Bennett McQuirk,+48-487-114-0274,bmcquirkqr@usgs.gov,25 Spohn Park
965,Sybille Dealey,+33-851-422-6140,sdealeyqs@google.de,3 Jay Trail
966,Debra Struthers,+7-839-545-6366,dstruthersqt@furl.net,7940 Bay Road
967,Sara Raywood,+1-715-673-6257,sraywoodqu@netlog.com,19731 Mockingbird Road
968,Jard Mazillius,+86-493-304-6034,jmazilliusqv@imdb.com,6040 Nelson Pass
969,Deb Padden,+86-101-865-2788,dpaddenqw@com.com,91006 Springview Parkway
970,Layton Yurukhin,+55-748-656-4829,lyurukhinqx@tripadvisor.com,9276 Riverside Park
971,Joannes Hargraves,+962-201-459-0722,jhargravesqy@reverbnation.com,189 Lotheville Court
972,Joelynn Hutcheon,+351-439-773-6966,jhutcheonqz@cpanel.net,970 Parkside Terrace
973,Zeke Cary,+86-734-581-7785,zcaryr0@npr.org,37328 Superior Point
974,Robenia Gotobed,+1-704-708-7528,rgotobedr1@clickbank.net,9 Gateway Way
975,Marlo Bedder,+7-965-147-5089,mbedderr2@ted.com,2797 Dottie Road
976,Gearalt Crumpe,+64-270-306-5593,gcrumper3@cisco.com,5 Rutledge Alley
977,Janeczka Shinefield,+63-985-400-6603,jshinefieldr4@nifty.com,85 Lien Pass
978,Gwendolen Bessett,+420-801-413-8970,gbessettr5@imgur.com,39 Vahlen Junction
979,Konstantin Eastmond,+1-478-863-5719,keastmondr6@reddit.com,1 Fulton Circle
980,Myrlene Booty,+51-171-995-8994,mbootyr7@naver.com,35 Russell Road
981,Lucille Renshall,+86-151-573-5319,lrenshallr8@mlb.com,6 Birchwood Junction
982,Powell Beedon,+27-562-842-6073,pbeedonr9@china.com.cn,807 Evergreen Trail
983,Gary Pauleit,+86-577-631-3064,gpauleitra@163.com,413 Haas Pass
984,Elisha Ollander,+86-110-907-2976,eollanderrb@wikispaces.com,329 Magdeline Trail
985,Rebe Scandrett,+380-454-589-7553,rscandrettrc@yandex.ru,3 Eagle Crest Plaza
986,Cello Petters,+7-901-893-7414,cpettersrd@virginia.edu,7 Muir Center
987,Felipa Crimp,+63-361-578-6783,fcrimpre@cdbaby.com,164 Annamark Drive
988,Claresta Sidry,+63-137-102-3896,csidryrf@quantcast.com,62 Saint Paul Drive
989,Sigismund Seel,+1-775-385-6473,sseelrg@naver.com,284 Crescent Oaks Circle
990,Dominga Gout,+81-728-280-9084,dgoutrh@indiatimes.com,23 Welch Point
991,Zerk Padula,+86-945-971-1010,zpadulari@domainmarket.com,53044 Paget Parkway
992,Janetta Huntress,+33-612-228-4384,jhuntressrj@sciencedirect.com,15 Thierer Crossing
993,Haydon Iddins,+63-360-710-4129,hiddinsrk@weebly.com,384 Pearson Center
994,Thelma Spenceley,+30-508-522-1302,tspenceleyrl@wikimedia.org,74 Londonderry Hill
995,Fayette Giacoppo,+254-486-367-0409,fgiacopporm@earthlink.net,00049 Sauthoff Street
996,Pauletta Barnewell,+62-879-849-2239,pbarnewellrn@apple.com,7 Kropf Place
997,Germain Hainning,+86-240-700-1948,ghainningro@livejournal.com,18487 Butterfield Crossing
998,Brucie Hammerstone,+30-931-988-3730,bhammerstonerp@com.com,66 Sheridan Center
999,Chris Siebart,+357-710-346-2315,csiebartrq@loc.gov,23932 Helena Place
1000,Bevon Blanch,+976-890-647-7770,bblanchrr@unc.edu,67 Maywood Trail
